{"type": "FeatureCollection", "features": [{"id": "79", "type": "Feature", "properties": {"GEOID": "37133", "NAME": "Onslow"}, "geometry": {"type": "MultiPolygon", "coordinates": [[[[-77.172451, 34.623322], [-77.121207, 34.647962], [-77.110369, 34.645146], [-77.1187, 34.638544], [-77.169219, 34.622383], [-77.172451, 34.623322]]], [[[-77.230255, 34.598439], [-77.202399, 34.612837], [-77.179487, 34.620427], [-77.226927, 34.596717], [-77.230255, 34.598439]]], [[[-77.680127, 34.720595], [-77.67705, 34.799625], [-77.66606, 34.839651], [-77.65107, 34.923526], [-77.653352, 34.940535], [-77.680081, 34.971141], [-77.638967, 34.98446], [-77.502792, 34.969637], [-77.366768, 34.90865], [-77.363314, 34.92554], [-77.343091, 34.93137], [-77.331554, 34.93915], [-77.317253, 34.932386], [-77.309381, 34.937517], [-77.294638, 34.930467], [-77.284697, 34.930943], [-77.28387, 34.928037], [-77.267647, 34.92579], [-77.259269, 34.913624], [-77.260151, 34.909625], [-77.249999, 34.909095], [-77.252099, 34.904477], [-77.248333, 34.900101], [-77.237357, 34.899962], [-77.238752, 34.893785], [-77.231969, 34.893189], [-77.234165, 34.886331], [-77.222444, 34.887127], [-77.2162, 34.874345], [-77.219577, 34.870279], [-77.209964, 34.858747], [-77.211357, 34.852838], [-77.200936, 34.842156], [-77.201964, 34.834778], [-77.193296, 34.831945], [-77.181253, 34.836211], [-77.1794, 34.829931], [-77.186202, 34.819883], [-77.195053, 34.818168], [-77.193132, 34.814258], [-77.195813, 34.809354], [-77.189121, 34.806166], [-77.190841, 34.802669], [-77.176399, 34.797193], [-77.175818, 34.791969], [-77.171134, 34.790721], [-77.175016, 34.787885], [-77.17097, 34.785512], [-77.172743, 34.780612], [-77.165986, 34.785032], [-77.165734, 34.779329], [-77.15741, 34.780827], [-77.160275, 34.77463], [-77.153322, 34.776233], [-77.151107, 34.770298], [-77.158731, 34.769058], [-77.157773, 34.765949], [-77.148811, 34.768423], [-77.143077, 34.765097], [-77.142434, 34.76009], [-77.135751, 34.764609], [-77.125646, 34.756707], [-77.121798, 34.731534], [-77.106596, 34.712327], [-77.105153, 34.694712], [-77.1132981312984, 34.6830317448894], [-77.117056, 34.686957], [-77.125864, 34.685242], [-77.136178, 34.678285], [-77.133629, 34.672757], [-77.154605, 34.667896], [-77.151708, 34.66313], [-77.163413, 34.653693], [-77.204709, 34.634273], [-77.211624, 34.623467], [-77.242373, 34.600044], [-77.242726, 34.595839], [-77.233663, 34.593011], [-77.307042, 34.545138], [-77.462923, 34.471354], [-77.5183814113103, 34.4408741557049], [-77.54116, 34.464958], [-77.543974, 34.463255], [-77.552508, 34.471238], [-77.567986, 34.47003], [-77.572274, 34.4769], [-77.575947, 34.476359], [-77.613857, 34.576006], [-77.680127, 34.720595]]]]}}, {"id": "80", "type": "Feature", "properties": {"GEOID": "37009", "NAME": "Ashe"}, "geometry": {"type": "Polygon", "coordinates": [[[-81.740651, 36.413141], [-81.734297, 36.412597], [-81.720734, 36.422537], [-81.717561, 36.430395], [-81.721228, 36.433947], [-81.714564, 36.437107], [-81.717443, 36.445159], [-81.713736, 36.447114], [-81.71489, 36.45722], [-81.695311, 36.467912], [-81.695907, 36.49158], [-81.700238, 36.500475], [-81.697744, 36.508448], [-81.707573, 36.526101], [-81.707963, 36.536209], [-81.699962, 36.536829], [-81.697539, 36.544359], [-81.69003, 36.552154], [-81.692506, 36.565748], [-81.690236, 36.568718], [-81.677036, 36.570718], [-81.680137, 36.585518], [-81.677535, 36.588117], [-81.600934, 36.587019], [-81.521032, 36.58052], [-81.3532592063955, 36.5747234125838], [-81.35315, 36.546077], [-81.348645, 36.552308], [-81.345888, 36.551529], [-81.348101, 36.541924], [-81.328339, 36.517333], [-81.322575, 36.495826], [-81.299727, 36.475067], [-81.29694, 36.465241], [-81.286767, 36.461451], [-81.272081, 36.446848], [-81.263761, 36.428929], [-81.264567, 36.410254], [-81.247698, 36.39451], [-81.244236, 36.381626], [-81.245958, 36.373918], [-81.255629, 36.36335], [-81.261232, 36.364971], [-81.266018, 36.361106], [-81.280519, 36.363616], [-81.285673, 36.368568], [-81.308449, 36.367724], [-81.318291, 36.370838], [-81.318576, 36.375921], [-81.323639, 36.376822], [-81.354, 36.355893], [-81.361997, 36.313845], [-81.358627, 36.312208], [-81.358849, 36.305302], [-81.366827, 36.30166], [-81.366667, 36.285884], [-81.374121, 36.284644], [-81.378643, 36.277913], [-81.387419, 36.284885], [-81.413787, 36.2948], [-81.415853, 36.29223], [-81.413125, 36.281457], [-81.417443, 36.278005], [-81.429142, 36.277561], [-81.429724, 36.266662], [-81.452557, 36.257948], [-81.458236, 36.248415], [-81.475407, 36.252841], [-81.477516, 36.24025], [-81.486319, 36.241256], [-81.515132, 36.256894], [-81.521685, 36.255329], [-81.532618, 36.26571], [-81.552237, 36.276387], [-81.566119, 36.272037], [-81.590142, 36.304031], [-81.638186, 36.349606], [-81.730987, 36.393909], [-81.738718, 36.394803], [-81.740651, 36.413141]]]}}, {"id": "81", "type": "Feature", "properties": {"GEOID": "37169", "NAME": "Stokes"}, "geometry": {"type": "Polygon", "coordinates": [[[-80.451925, 36.261515], [-80.4403411541913, 36.5506401560323], [-80.295243, 36.543973], [-80.0273389759592, 36.5424951113257], [-80.035119, 36.257184], [-80.451925, 36.261515]]]}}, {"id": "82", "type": "Feature", "properties": {"GEOID": "37053", "NAME": "Currituck"}, "geometry": {"type": "Polygon", "coordinates": [[[-76.3133029178411, 36.5505512312821], [-75.867647, 36.550412], [-75.857705, 36.500828], [-75.818736, 36.357579], [-75.7733304063891, 36.2315283206094], [-75.7954371734599, 36.2271111216711], [-75.801966, 36.242463], [-75.811852, 36.247699], [-75.803867, 36.267667], [-75.806838, 36.284912], [-75.813137, 36.291713], [-75.833696, 36.293629], [-75.845285, 36.305614], [-75.85176, 36.324178], [-75.845936, 36.332603], [-75.823119, 36.32255], [-75.82205, 36.328008], [-75.823832, 36.347154], [-75.832151, 36.356055], [-75.828942, 36.365721], [-75.848551, 36.380169], [-75.842252, 36.384379], [-75.840945, 36.39165], [-75.840707, 36.39739], [-75.849739, 36.400164], [-75.843322, 36.419961], [-75.8558, 36.42436], [-75.862812, 36.430862], [-75.864951, 36.437746], [-75.877072, 36.436312], [-75.888326, 36.441583], [-75.887412, 36.448836], [-75.892403, 36.461358], [-75.897869, 36.465085], [-75.899909, 36.482124], [-75.913072, 36.486336], [-75.924128, 36.482124], [-75.935474, 36.490601], [-75.954615, 36.491459], [-75.961146, 36.494793], [-75.972546, 36.494671], [-75.976892, 36.487557], [-75.989099, 36.49514], [-75.980998, 36.511329], [-75.986227, 36.525655], [-75.996209, 36.528138], [-76.002627, 36.537114], [-76.030673, 36.538832], [-76.031861, 36.53253], [-76.026157, 36.523745], [-76.026395, 36.516486], [-76.042557, 36.510565], [-76.03195, 36.482496], [-76.012338, 36.447462], [-75.98987, 36.436808], [-75.971966, 36.437173], [-75.956279, 36.400833], [-75.948242, 36.395863], [-75.940661, 36.398712], [-75.944342, 36.41057], [-75.933518, 36.423369], [-75.934105, 36.427449], [-75.924514, 36.42545], [-75.920841, 36.408818], [-75.923004, 36.399877], [-75.91641, 36.38901], [-75.923332, 36.361863], [-75.895286, 36.319615], [-75.883381, 36.284739], [-75.872618, 36.282272], [-75.86476, 36.284991], [-75.856791, 36.280658], [-75.863313, 36.27371], [-75.862368, 36.262939], [-75.872325, 36.25475], [-75.869288, 36.246297], [-75.864297, 36.245147], [-75.863859, 36.229308], [-75.848799, 36.215452], [-75.841177, 36.216508], [-75.83681, 36.203835], [-75.830108, 36.196514], [-75.829131, 36.189236], [-75.838833, 36.200376], [-75.842861, 36.199254], [-75.845173, 36.191847], [-75.841021, 36.188551], [-75.840263, 36.177198], [-75.834294, 36.167619], [-75.831052, 36.163732], [-75.824711, 36.162848], [-75.822803, 36.154955], [-75.825575, 36.146181], [-75.817551, 36.140645], [-75.806766, 36.119704], [-75.799433, 36.117667], [-75.803016, 36.098716], [-75.796446, 36.092579], [-75.790708, 36.077986], [-75.798168, 36.0722], [-75.849318, 36.104811], [-75.866739, 36.127479], [-75.861549, 36.150188], [-75.862871, 36.159607], [-75.875026, 36.184138], [-75.900131, 36.203027], [-75.897763, 36.209525], [-75.906572, 36.20876], [-75.909787, 36.21255], [-75.907168, 36.218363], [-75.913315, 36.223333], [-75.916726, 36.237919], [-75.923292, 36.245948], [-75.94704, 36.258661], [-75.958606, 36.259678], [-75.9625052708598, 36.2668180792933], [-75.949549, 36.273218], [-75.948426, 36.285268], [-75.955098, 36.289323], [-75.966631, 36.289557], [-75.971076, 36.308359], [-75.999651, 36.311174], [-76.001737, 36.323469], [-76.007914, 36.328648], [-76.01639, 36.327256], [-76.020496, 36.332942], [-76.01698, 36.34463], [-76.023282, 36.344997], [-76.024908, 36.341008], [-76.031674, 36.338597], [-76.033398, 36.34051], [-76.028683, 36.34408], [-76.028796, 36.34913], [-76.036413, 36.355174], [-76.04543, 36.358157], [-76.049261, 36.356448], [-76.052798, 36.3603], [-76.05901, 36.352171], [-76.063958, 36.352033], [-76.064227, 36.347308], [-76.071876, 36.349971], [-76.074133, 36.346139], [-76.084983, 36.352153], [-76.086329, 36.349704], [-76.093033, 36.350763], [-76.114361, 36.357583], [-76.12181, 36.371088], [-76.147626, 36.394463], [-76.157472, 36.398178], [-76.158532, 36.425333], [-76.3133029178411, 36.5505512312821]]]}}, {"id": "83", "type": "Feature", "properties": {"GEOID": "37173", "NAME": "Swain"}, "geometry": {"type": "Polygon", "coordinates": [[[-83.952882, 35.460635], [-83.937015, 35.471511], [-83.911773, 35.476028], [-83.905612, 35.48906], [-83.900338, 35.493095], [-83.901381, 35.496553], [-83.892074, 35.503089], [-83.880074, 35.518745], [-83.859261, 35.521851], [-83.848502, 35.519259], [-83.831895, 35.524766], [-83.82559, 35.523829], [-83.802434, 35.541588], [-83.780129, 35.550387], [-83.771736, 35.562118], [-83.756917, 35.563604], [-83.749894, 35.561146], [-83.735669, 35.565455], [-83.723459, 35.561874], [-83.707199, 35.568533], [-83.676268, 35.570289], [-83.640498, 35.566075], [-83.629734, 35.567889], [-83.608889, 35.579451], [-83.59427, 35.572912], [-83.58559, 35.562941], [-83.56609, 35.565993], [-83.498335, 35.562981], [-83.485527, 35.568204], [-83.478523, 35.579202], [-83.479082, 35.583316], [-83.455722, 35.598045], [-83.445802, 35.611803], [-83.421576, 35.611186], [-83.396626, 35.62272], [-83.388722, 35.633584], [-83.366941, 35.638728], [-83.356202, 35.650019], [-83.35156, 35.659858], [-83.334965, 35.665471], [-83.321101, 35.662815], [-83.312757, 35.654809], [-83.297154, 35.65775], [-83.289165, 35.674509], [-83.271378, 35.681476], [-83.25561, 35.696061], [-83.21513, 35.692337], [-83.207373, 35.681363], [-83.191975, 35.67787], [-83.189355, 35.673547], [-83.181977, 35.671327], [-83.195096, 35.66023], [-83.195795, 35.655532], [-83.203157, 35.648714], [-83.202416, 35.644786], [-83.199965, 35.641215], [-83.187514, 35.64082], [-83.177098, 35.631955], [-83.176194, 35.627726], [-83.181633, 35.618687], [-83.17598, 35.61245], [-83.185372, 35.59937], [-83.183602, 35.586734], [-83.166964, 35.57869], [-83.162172, 35.568515], [-83.163342, 35.564669], [-83.156037, 35.553928], [-83.164604, 35.545233], [-83.165049, 35.538859], [-83.1713, 35.537877], [-83.16995, 35.531037], [-83.173983, 35.521681], [-83.18233, 35.515863], [-83.186322, 35.514368], [-83.195514, 35.519306], [-83.207683, 35.518024], [-83.216344, 35.526029], [-83.236355, 35.524465], [-83.255259, 35.513572], [-83.26168, 35.514556], [-83.264344, 35.506559], [-83.284403, 35.496255], [-83.285278, 35.4889], [-83.291855, 35.483071], [-83.297045, 35.484278], [-83.304915, 35.4786], [-83.308931, 35.479323], [-83.316917, 35.46586], [-83.331661, 35.469825], [-83.335802, 35.474809], [-83.345175, 35.473554], [-83.351726, 35.468092], [-83.359138, 35.439447], [-83.357333, 35.437799], [-83.363732, 35.426646], [-83.360704, 35.411813], [-83.352078, 35.411268], [-83.347952, 35.405355], [-83.349145, 35.401222], [-83.340154, 35.395833], [-83.345663, 35.389071], [-83.337408, 35.382075], [-83.335146, 35.359842], [-83.33144, 35.353733], [-83.340206, 35.33755], [-83.339609, 35.330993], [-83.357497, 35.3296], [-83.364228, 35.325993], [-83.372826, 35.328983], [-83.37932, 35.325506], [-83.399901, 35.327605], [-83.410918, 35.316528], [-83.417062, 35.319294], [-83.421914, 35.317714], [-83.432772, 35.325105], [-83.440808, 35.317205], [-83.452066, 35.314204], [-83.45589, 35.302797], [-83.467584, 35.297752], [-83.473831, 35.297611], [-83.490276, 35.305547], [-83.497917, 35.299301], [-83.681671, 35.28042], [-83.68176, 35.285019], [-83.695343, 35.297536], [-83.690649, 35.316947], [-83.678582, 35.328218], [-83.6695, 35.328963], [-83.660507, 35.335626], [-83.644679, 35.340268], [-83.63922, 35.338733], [-83.616995, 35.349064], [-83.613615, 35.357275], [-83.593337, 35.376705], [-83.595369, 35.381076], [-83.582386, 35.40963], [-83.585392, 35.418256], [-83.58903, 35.418937], [-83.585216, 35.426145], [-83.585756, 35.434832], [-83.610109, 35.426976], [-83.618694, 35.436113], [-83.642949, 35.443464], [-83.645859, 35.429454], [-83.653095, 35.426595], [-83.65789, 35.432261], [-83.665108, 35.431333], [-83.669861, 35.435643], [-83.702474, 35.4431], [-83.721109, 35.442968], [-83.732819, 35.447406], [-83.756677, 35.441709], [-83.774475, 35.443475], [-83.800452, 35.455753], [-83.80458, 35.454184], [-83.807588, 35.444099], [-83.819125, 35.450379], [-83.838569, 35.448885], [-83.844907, 35.453121], [-83.86589, 35.448292], [-83.873794, 35.460413], [-83.881546, 35.463183], [-83.895028, 35.461458], [-83.908284, 35.466514], [-83.914077, 35.465054], [-83.928773, 35.449936], [-83.939419, 35.4486], [-83.952882, 35.460635]]]}}, {"id": "84", "type": "Feature", "properties": {"GEOID": "37131", "NAME": "Northampton"}, "geometry": {"type": "Polygon", "coordinates": [[[-77.899771, 36.544663], [-77.205156, 36.544581], [-77.16966, 36.547315], [-77.157488, 36.542773], [-77.15794, 36.54055], [-77.150971, 36.540528], [-77.153289, 36.537808], [-77.148685, 36.534142], [-77.152553, 36.529781], [-77.148354, 36.525031], [-77.131497, 36.522465], [-77.127194, 36.518131], [-77.121618, 36.519123], [-77.11888, 36.52318], [-77.114421, 36.518295], [-77.103517, 36.516619], [-77.10305, 36.521005], [-77.099055, 36.51702], [-77.09246, 36.518034], [-77.083427, 36.513201], [-77.082864, 36.50701], [-77.08087, 36.507599], [-77.085339, 36.504895], [-77.085432, 36.499961], [-77.079733, 36.49636], [-77.074209, 36.4966], [-77.074222, 36.499401], [-77.066452, 36.496968], [-77.069632, 36.494094], [-77.066443, 36.482914], [-77.07513, 36.480798], [-77.074813, 36.478169], [-77.079732, 36.478886], [-77.083807, 36.472324], [-77.085067, 36.475339], [-77.093621, 36.472326], [-77.09965, 36.479023], [-77.108143, 36.475769], [-77.112444, 36.477663], [-77.114585, 36.47389], [-77.122959, 36.471218], [-77.126529, 36.463961], [-77.13679, 36.456147], [-77.136546, 36.447526], [-77.131348, 36.437826], [-77.208468, 36.246578], [-77.228958, 36.214403], [-77.254916, 36.218474], [-77.269162, 36.213584], [-77.290876, 36.212803], [-77.29825, 36.207708], [-77.293296, 36.197386], [-77.299717, 36.181409], [-77.295953, 36.175752], [-77.298102, 36.172186], [-77.291519, 36.168342], [-77.299599, 36.164906], [-77.313061, 36.172209], [-77.309048, 36.180719], [-77.319386, 36.18179], [-77.32837, 36.191907], [-77.350971, 36.191532], [-77.385975, 36.211174], [-77.376426, 36.238354], [-77.376934, 36.245047], [-77.409427, 36.263549], [-77.414418, 36.293472], [-77.441663, 36.324353], [-77.46632, 36.321958], [-77.485497, 36.315961], [-77.495096, 36.308381], [-77.541108, 36.303264], [-77.556296, 36.305208], [-77.571386, 36.314086], [-77.577206, 36.328517], [-77.585599, 36.337344], [-77.576541, 36.35438], [-77.547864, 36.371997], [-77.544446, 36.393895], [-77.550498, 36.414004], [-77.57275, 36.422986], [-77.586398, 36.422039], [-77.591947, 36.431388], [-77.609632, 36.436746], [-77.616271, 36.444106], [-77.626019, 36.445699], [-77.644367, 36.480228], [-77.68114, 36.479177], [-77.709667, 36.487076], [-77.726493, 36.48749], [-77.745951, 36.478962], [-77.762216, 36.481981], [-77.767914, 36.480045], [-77.789133, 36.49121], [-77.818951, 36.500677], [-77.858293, 36.506648], [-77.86939, 36.503604], [-77.884895, 36.506434], [-77.89279, 36.511972], [-77.899524, 36.504259], [-77.899771, 36.544663]]]}}, {"id": "218", "type": "Feature", "properties": {"GEOID": "37153", "NAME": "Richmond"}, "geometry": {"type": "Polygon", "coordinates": [[[-80.06815, 35.112041], [-80.075365, 35.143081], [-80.022753, 35.137191], [-79.983399, 35.15851], [-79.952462, 35.156479], [-79.944271, 35.164169], [-79.89861, 35.161714], [-79.851268, 35.183855], [-79.835386, 35.177179], [-79.812141, 35.179944], [-79.792011, 35.175952], [-79.768378, 35.177174], [-79.749463, 35.172999], [-79.733667, 35.178207], [-79.713273, 35.173098], [-79.694365, 35.179642], [-79.673494, 35.175374], [-79.642129, 35.157717], [-79.614304, 35.163679], [-79.609409, 35.148971], [-79.589079, 35.138974], [-79.583217, 35.128023], [-79.573312, 35.12245], [-79.574931, 35.101947], [-79.582479, 35.08993], [-79.582779, 35.08396], [-79.575931, 35.069904], [-79.568263, 35.064836], [-79.523592, 35.066182], [-79.507685, 35.061501], [-79.498989, 35.06384], [-79.477255, 35.057047], [-79.47424, 35.051461], [-79.458751, 35.043639], [-79.46864, 35.036662], [-79.510506, 35.026152], [-79.573423, 34.99221], [-79.566667, 34.979415], [-79.577993, 34.972386], [-79.581918, 34.956859], [-79.585618, 34.954745], [-79.584787, 34.945385], [-79.578604, 34.930896], [-79.568388, 34.927501], [-79.563987, 34.917946], [-79.566126, 34.911724], [-79.561856, 34.91035], [-79.616, 34.865928], [-79.626557, 34.852284], [-79.619699, 34.848587], [-79.622721, 34.843527], [-79.617367, 34.839282], [-79.62316, 34.821566], [-79.614168, 34.815338], [-79.625514, 34.817835], [-79.634571, 34.825493], [-79.654499, 34.814881], [-79.688392, 34.81134], [-79.6929464055027, 34.8049733575912], [-79.9274157876858, 34.8065508188027], [-79.914311, 34.817854], [-79.908285, 34.842794], [-79.899748, 34.858451], [-79.880145, 34.866798], [-79.865784, 34.879358], [-79.849014, 34.901343], [-79.84961, 34.911362], [-79.855648, 34.925073], [-79.872303, 34.950371], [-79.863668, 34.974984], [-79.864793, 34.979988], [-79.900627, 35.005737], [-79.892427, 35.02487], [-79.877197, 35.03531], [-79.87666, 35.044472], [-79.884925, 35.052604], [-79.907851, 35.065656], [-79.912152, 35.07406], [-79.912518, 35.096067], [-79.927925, 35.117923], [-79.941645, 35.119223], [-79.958475, 35.113719], [-79.978772, 35.100784], [-79.986581, 35.088808], [-80.000532, 35.085798], [-80.024355, 35.090375], [-80.041411, 35.102568], [-80.06815, 35.112041]]]}}, {"id": "219", "type": "Feature", "properties": {"GEOID": "37051", "NAME": "Cumberland"}, "geometry": {"type": "Polygon", "coordinates": [[[-79.112853, 35.125912], [-79.096262, 35.177858], [-79.09872, 35.184095], [-79.095808, 35.192068], [-78.997687, 35.214093], [-78.935534, 35.218734], [-78.925175, 35.223838], [-78.920678, 35.220249], [-78.898329, 35.23099], [-78.89308, 35.228645], [-78.880408, 35.23044], [-78.873979, 35.236784], [-78.876057, 35.241536], [-78.867507, 35.245015], [-78.859239, 35.242861], [-78.847475, 35.252808], [-78.835003, 35.252354], [-78.824942, 35.259613], [-78.804742, 35.257204], [-78.801093, 35.262992], [-78.793447, 35.265976], [-78.764694, 35.258351], [-78.760989, 35.261619], [-78.762995, 35.26316], [-78.754644, 35.263518], [-78.75371, 35.259781], [-78.749825, 35.263462], [-78.736493, 35.261663], [-78.725948, 35.266905], [-78.712171, 35.257635], [-78.617114, 35.245718], [-78.615594, 35.237804], [-78.619501, 35.226927], [-78.633668, 35.212534], [-78.624376, 35.203983], [-78.634437, 35.198684], [-78.642709, 35.200913], [-78.646765, 35.197429], [-78.635717, 35.191685], [-78.640041, 35.185928], [-78.629852, 35.172346], [-78.638916, 35.167015], [-78.63282, 35.164179], [-78.632726, 35.158294], [-78.639902, 35.154865], [-78.636019, 35.150766], [-78.637615, 35.144406], [-78.634717, 35.13936], [-78.64271, 35.128324], [-78.651928, 35.121782], [-78.650524, 35.117999], [-78.641369, 35.121104], [-78.639332, 35.115893], [-78.653809, 35.111416], [-78.651993, 35.103536], [-78.65773, 35.101396], [-78.658238, 35.094466], [-78.670716, 35.092469], [-78.672292, 35.085281], [-78.662955, 35.077962], [-78.664079, 35.06727], [-78.654531, 35.050812], [-78.65933, 35.042831], [-78.649647, 35.026477], [-78.652924, 35.02108], [-78.64503, 35.010117], [-78.647033, 34.992254], [-78.636598, 34.987977], [-78.634589, 34.985655], [-78.637486, 34.981808], [-78.610829, 34.960361], [-78.607536, 34.953613], [-78.59716, 34.951294], [-78.583919, 34.938647], [-78.572683, 34.937364], [-78.572395, 34.929585], [-78.563512, 34.923814], [-78.562287, 34.918031], [-78.54347, 34.913809], [-78.541918, 34.908293], [-78.546861, 34.90062], [-78.526507, 34.890972], [-78.525619, 34.884799], [-78.513881, 34.881722], [-78.513107, 34.869088], [-78.502556, 34.86461], [-78.494705, 34.856182], [-78.516123, 34.845919], [-78.533633, 34.851129], [-78.827397, 34.850693], [-78.90422, 34.834862], [-78.927018, 34.863957], [-78.921593, 34.870663], [-78.922321, 34.875483], [-78.92661, 34.886698], [-78.938665, 34.897714], [-78.940844, 34.903368], [-78.953232, 34.909395], [-78.95486, 34.913266], [-79.038747, 34.952715], [-79.035556, 34.955197], [-79.037545, 34.957426], [-79.034768, 34.962964], [-79.04658, 34.977593], [-79.049699, 34.991954], [-79.05677, 34.998282], [-79.061892, 35.008926], [-79.071391, 35.01451], [-79.090291, 35.042031], [-79.091627, 35.047303], [-79.088265, 35.051816], [-79.093097, 35.055959], [-79.089409, 35.073365], [-79.093428, 35.079598], [-79.093164, 35.09017], [-79.098458, 35.094525], [-79.101162, 35.114332], [-79.105455, 35.121453], [-79.112853, 35.125912]]]}}, {"id": "220", "type": "Feature", "properties": {"GEOID": "37085", "NAME": "Harnett"}, "geometry": {"type": "Polygon", "coordinates": [[[-79.221865, 35.269355], [-78.968778, 35.522535], [-78.916067, 35.584102], [-78.70628, 35.51863], [-78.689661, 35.515931], [-78.686885, 35.501851], [-78.672581, 35.495685], [-78.660555, 35.496245], [-78.650429, 35.482849], [-78.650253, 35.472416], [-78.638345, 35.461586], [-78.62724, 35.45827], [-78.607183, 35.432118], [-78.609946, 35.427192], [-78.598773, 35.41826], [-78.592655, 35.3986], [-78.574452, 35.388505], [-78.568818, 35.369279], [-78.562661, 35.362223], [-78.535196, 35.345032], [-78.529851, 35.334935], [-78.537645, 35.327059], [-78.535594, 35.319934], [-78.538718, 35.315801], [-78.5555, 35.309553], [-78.55974, 35.305863], [-78.55756, 35.304797], [-78.570366, 35.302049], [-78.576293, 35.295968], [-78.583451, 35.296779], [-78.584639, 35.273312], [-78.599523, 35.264029], [-78.5998, 35.258716], [-78.617114, 35.245718], [-78.712171, 35.257635], [-78.725948, 35.266905], [-78.736493, 35.261663], [-78.749825, 35.263462], [-78.75371, 35.259781], [-78.754644, 35.263518], [-78.762995, 35.26316], [-78.760989, 35.261619], [-78.764694, 35.258351], [-78.771187, 35.262127], [-78.777737, 35.26354], [-78.782169, 35.260999], [-78.78262, 35.263796], [-78.795732, 35.26572], [-78.804742, 35.257204], [-78.819427, 35.260461], [-78.835003, 35.252354], [-78.847475, 35.252808], [-78.859239, 35.242861], [-78.867507, 35.245015], [-78.876057, 35.241536], [-78.873979, 35.236784], [-78.880408, 35.23044], [-78.89308, 35.228645], [-78.898329, 35.23099], [-78.920678, 35.220249], [-78.925175, 35.223838], [-78.935534, 35.218734], [-78.997687, 35.214093], [-79.095808, 35.192068], [-79.120492, 35.204844], [-79.150586, 35.213336], [-79.154164, 35.220386], [-79.153881, 35.229226], [-79.165108, 35.240925], [-79.177675, 35.247322], [-79.19375, 35.25023], [-79.221865, 35.269355]]]}}, {"id": "221", "type": "Feature", "properties": {"GEOID": "37199", "NAME": "Yancey"}, "geometry": {"type": "Polygon", "coordinates": [[[-82.505384, 35.97768], [-82.484678, 35.992849], [-82.482292, 35.997823], [-82.460658, 36.007809], [-82.4166607727019, 36.0727736559322], [-82.399824, 36.071367], [-82.402664, 36.078754], [-82.397254, 36.081736], [-82.376574, 36.070855], [-82.371278, 36.07616], [-82.360089, 36.078206], [-82.351958, 36.084519], [-82.34529, 36.076459], [-82.336385, 36.052437], [-82.339977, 36.03472], [-82.338201, 36.030088], [-82.312435, 36.026104], [-82.312262, 36.03762], [-82.300787, 36.045816], [-82.291069, 36.029616], [-82.26807, 36.016625], [-82.272897, 36.010769], [-82.27332, 36.002935], [-82.261666, 35.998955], [-82.251967, 35.98913], [-82.249314, 35.992045], [-82.253966, 36.005321], [-82.252115, 36.008683], [-82.236746, 36.004881], [-82.237677, 36.009173], [-82.233302, 36.013535], [-82.214192, 36.01706], [-82.196979, 36.014518], [-82.193844, 36.000727], [-82.20041, 36.006107], [-82.20412, 36.003603], [-82.197712, 35.992986], [-82.191705, 35.990636], [-82.193676, 35.966604], [-82.186274, 35.958794], [-82.192751, 35.959483], [-82.197707, 35.952343], [-82.184213, 35.942397], [-82.183991, 35.938079], [-82.169724, 35.928617], [-82.165355, 35.934332], [-82.160378, 35.930421], [-82.155389, 35.933427], [-82.145199, 35.930899], [-82.152719, 35.928302], [-82.150245, 35.924383], [-82.15501, 35.920843], [-82.154804, 35.914771], [-82.150102, 35.916546], [-82.147151, 35.911603], [-82.144638, 35.913586], [-82.142701, 35.906266], [-82.144709, 35.903943], [-82.146904, 35.906187], [-82.1447, 35.896522], [-82.149939, 35.891191], [-82.146386, 35.888811], [-82.144799, 35.880411], [-82.146189, 35.86344], [-82.141344, 35.858031], [-82.142665, 35.849002], [-82.138798, 35.845566], [-82.14204, 35.841682], [-82.143775, 35.843859], [-82.150079, 35.841489], [-82.143607, 35.826883], [-82.148317, 35.822728], [-82.133484, 35.823309], [-82.133833, 35.821053], [-82.141186, 35.812777], [-82.150012, 35.809249], [-82.147862, 35.804027], [-82.157861, 35.80159], [-82.167895, 35.789138], [-82.166783, 35.784901], [-82.158274, 35.779629], [-82.160474, 35.774258], [-82.169587, 35.761121], [-82.184374, 35.753027], [-82.193839, 35.73511], [-82.197331, 35.736418], [-82.2142, 35.724171], [-82.241095, 35.713488], [-82.258354, 35.698677], [-82.266424, 35.700362], [-82.275399, 35.704438], [-82.275944, 35.714406], [-82.284733, 35.725526], [-82.291297, 35.72993], [-82.313065, 35.733603], [-82.326446, 35.747132], [-82.334675, 35.748805], [-82.33773, 35.768157], [-82.343751, 35.775696], [-82.346337, 35.787245], [-82.338299, 35.796149], [-82.338295, 35.801717], [-82.346799, 35.805942], [-82.348864, 35.81168], [-82.362073, 35.821262], [-82.373696, 35.817894], [-82.382045, 35.823965], [-82.402606, 35.817534], [-82.413953, 35.819839], [-82.412048, 35.826764], [-82.416298, 35.829324], [-82.419636, 35.843335], [-82.417506, 35.859238], [-82.42482, 35.860882], [-82.423563, 35.869396], [-82.439228, 35.87922], [-82.441924, 35.887586], [-82.451508, 35.898812], [-82.464026, 35.900019], [-82.475065, 35.909241], [-82.493312, 35.908311], [-82.490514, 35.921372], [-82.497893, 35.925217], [-82.498508, 35.930295], [-82.480322, 35.949874], [-82.496708, 35.956973], [-82.496495, 35.962669], [-82.500793, 35.965854], [-82.505384, 35.97768]]]}}, {"id": "222", "type": "Feature", "properties": {"GEOID": "37065", "NAME": "Edgecombe"}, "geometry": {"type": "Polygon", "coordinates": [[[-77.828444, 35.867208], [-77.777751, 35.984635], [-77.771789, 36.0067], [-77.741924, 36.06112], [-77.706966, 36.115503], [-77.703187, 36.146312], [-77.697956, 36.15315], [-77.682723, 36.151456], [-77.678533, 36.154373], [-77.678588, 36.15061], [-77.672067, 36.14793], [-77.676553, 36.143624], [-77.671823, 36.14313], [-77.670076, 36.137147], [-77.655171, 36.138775], [-77.65094, 36.135306], [-77.650876, 36.137702], [-77.643976, 36.138135], [-77.636371, 36.131774], [-77.636605, 36.127764], [-77.631628, 36.126667], [-77.630148, 36.115565], [-77.625911, 36.111617], [-77.62551, 36.115112], [-77.622426, 36.110763], [-77.608987, 36.110689], [-77.610269, 36.107733], [-77.6056, 36.11041], [-77.596545, 36.100961], [-77.593934, 36.104407], [-77.59245, 36.101991], [-77.589579, 36.103789], [-77.584522, 36.10247], [-77.585982, 36.100278], [-77.57911, 36.100588], [-77.578822, 36.097982], [-77.574243, 36.099781], [-77.56013, 36.094465], [-77.552924, 36.099996], [-77.54114, 36.096228], [-77.538546, 36.091088], [-77.53361, 36.091183], [-77.531491, 36.08377], [-77.535724, 36.078021], [-77.525631, 36.069427], [-77.53574, 36.063449], [-77.53923, 36.064512], [-77.540136, 36.060828], [-77.535692, 36.055122], [-77.532404, 36.056135], [-77.533567, 36.052439], [-77.529159, 36.047379], [-77.52262, 36.045093], [-77.524562, 36.039996], [-77.529304, 36.039421], [-77.52666, 36.037574], [-77.474851, 36.037775], [-77.467385, 36.031622], [-77.453743, 36.029446], [-77.439301, 36.021212], [-77.437797, 36.019095], [-77.441515, 36.014938], [-77.435177, 36.013183], [-77.427935, 36.005281], [-77.402614, 36.004966], [-77.4092, 35.998688], [-77.342418, 35.905262], [-77.344415, 35.875328], [-77.349342, 35.867593], [-77.350369, 35.819228], [-77.390154, 35.833062], [-77.397113, 35.825192], [-77.412188, 35.825262], [-77.416412, 35.813608], [-77.424989, 35.80555], [-77.446379, 35.808591], [-77.452289, 35.7999], [-77.472286, 35.801095], [-77.516261, 35.761334], [-77.665131, 35.674935], [-77.674837, 35.689104], [-77.718414, 35.728802], [-77.75042, 35.817878], [-77.751339, 35.827794], [-77.828444, 35.867208]]]}}, {"id": "223", "type": "Feature", "properties": {"GEOID": "37193", "NAME": "Wilkes"}, "geometry": {"type": "Polygon", "coordinates": [[[-81.545488, 36.117475], [-81.500366, 36.142527], [-81.455792, 36.200441], [-81.461807, 36.206089], [-81.465696, 36.227098], [-81.477702, 36.23583], [-81.475407, 36.252841], [-81.458236, 36.248415], [-81.452557, 36.257948], [-81.431282, 36.26548], [-81.429142, 36.277561], [-81.417443, 36.278005], [-81.413125, 36.281457], [-81.415853, 36.29223], [-81.413787, 36.2948], [-81.387419, 36.284885], [-81.378643, 36.277913], [-81.374121, 36.284644], [-81.366667, 36.285884], [-81.366827, 36.30166], [-81.358849, 36.305302], [-81.358627, 36.312208], [-81.361997, 36.313845], [-81.354, 36.355893], [-81.321376, 36.377139], [-81.318291, 36.370838], [-81.308449, 36.367724], [-81.285673, 36.368568], [-81.280519, 36.363616], [-81.266018, 36.361106], [-81.249543, 36.36761], [-81.243523, 36.366057], [-81.230827, 36.374984], [-81.220168, 36.377603], [-81.212588, 36.385554], [-81.189256, 36.399351], [-81.162956, 36.432515], [-81.149112, 36.425251], [-81.147653, 36.419181], [-81.142528, 36.419094], [-81.138242, 36.412479], [-81.132802, 36.415313], [-81.128398, 36.425899], [-81.0948, 36.440408], [-81.08354, 36.432698], [-81.077794, 36.417806], [-81.044272, 36.411063], [-81.043789, 36.393323], [-81.026688, 36.373195], [-81.013613, 36.37127], [-80.994653, 36.379399], [-80.981373, 36.37616], [-80.979433, 36.378842], [-80.984198, 36.388464], [-80.970213, 36.396471], [-80.967153, 36.40202], [-80.957394, 36.397373], [-80.954905, 36.39369], [-80.956622, 36.385924], [-80.942136, 36.373604], [-80.924798, 36.364625], [-80.917634, 36.367615], [-80.905784, 36.361099], [-80.893075, 36.340945], [-80.868746, 36.326447], [-80.881591, 36.055718], [-80.975675, 36.05881], [-81.048508, 36.04108], [-81.057543, 36.031572], [-81.098132, 36.028177], [-81.104926, 36.035504], [-81.111689, 36.037739], [-81.115562, 36.034332], [-81.123461, 36.037805], [-81.139335, 36.037587], [-81.170813, 36.025469], [-81.174643, 36.026749], [-81.175731, 36.031105], [-81.190236, 36.037187], [-81.202615, 36.03619], [-81.21824, 36.030107], [-81.237999, 36.030845], [-81.244251, 36.024899], [-81.249755, 36.027244], [-81.268451, 36.024983], [-81.281065, 36.018441], [-81.283872, 36.012996], [-81.301418, 36.004291], [-81.314435, 36.004206], [-81.31801, 35.99682], [-81.326491, 35.994829], [-81.344949, 36.025585], [-81.380843, 36.044359], [-81.3961, 36.040731], [-81.397387, 36.04292], [-81.38957, 36.049851], [-81.400088, 36.062848], [-81.397773, 36.066431], [-81.40264, 36.065687], [-81.411463, 36.072883], [-81.417469, 36.070907], [-81.424815, 36.077836], [-81.444576, 36.072329], [-81.447373, 36.083016], [-81.456489, 36.091453], [-81.467274, 36.085657], [-81.477791, 36.092764], [-81.476985, 36.096584], [-81.493973, 36.097738], [-81.495307, 36.10047], [-81.516172, 36.097403], [-81.520011, 36.102596], [-81.545488, 36.117475]]]}}, {"id": "224", "type": "Feature", "properties": {"GEOID": "37117", "NAME": "Martin"}, "geometry": {"type": "Polygon", "coordinates": [[[-77.4092, 35.998688], [-77.339809, 36.066184], [-77.327569, 36.071361], [-77.322874, 36.058598], [-77.318651, 36.055428], [-77.230515, 36.015577], [-77.217223, 36.01519], [-77.206278, 36.006782], [-77.213328, 35.992533], [-77.195918, 35.992035], [-77.192495, 35.984683], [-77.196586, 35.982725], [-77.190268, 35.973678], [-77.196448, 35.967582], [-77.190828, 35.96084], [-77.197557, 35.961893], [-77.188858, 35.956725], [-77.197945, 35.957578], [-77.199031, 35.954973], [-77.194215, 35.949717], [-77.200568, 35.950961], [-77.202282, 35.947418], [-77.197078, 35.937738], [-77.185816, 35.930874], [-77.170359, 35.929737], [-77.162831, 35.937666], [-77.140777, 35.934022], [-77.130876, 35.940756], [-77.124916, 35.926685], [-77.111234, 35.927521], [-77.102922, 35.933341], [-77.094005, 35.92479], [-77.087031, 35.932166], [-77.082366, 35.931645], [-77.080455, 35.937628], [-77.07541, 35.934894], [-77.067992, 35.936088], [-77.066859, 35.939077], [-77.070774, 35.943756], [-77.060936, 35.938567], [-77.055842, 35.944404], [-77.045004, 35.943911], [-77.037987, 35.930172], [-77.027544, 35.929683], [-77.031843, 35.917789], [-77.027254, 35.917787], [-77.026614, 35.909835], [-77.030613, 35.905358], [-77.025254, 35.902776], [-77.025505, 35.89571], [-77.022161, 35.891082], [-77.030599, 35.893042], [-77.037494, 35.890626], [-77.031293, 35.880705], [-77.03969, 35.874603], [-77.04546, 35.874759], [-77.040456, 35.868953], [-77.044648, 35.862076], [-77.035613, 35.857502], [-77.014964, 35.862655], [-77.00525, 35.858433], [-76.991693, 35.865088], [-76.986649, 35.876809], [-76.981089, 35.872751], [-76.968243, 35.882422], [-76.958909, 35.883354], [-76.940937, 35.901094], [-76.928666, 35.900022], [-76.917981, 35.895362], [-76.902067, 35.868218], [-76.893027, 35.863967], [-76.899837, 35.858465], [-76.89725, 35.849581], [-76.903494, 35.837436], [-76.893894, 35.830712], [-76.904051, 35.824067], [-76.892995, 35.818712], [-76.897261, 35.813903], [-76.882604, 35.811868], [-76.875222, 35.813721], [-76.85876, 35.826197], [-76.833136, 35.852167], [-76.831807, 35.859247], [-76.836854, 35.8761], [-76.832019, 35.885003], [-76.824188, 35.886975], [-76.806906, 35.883946], [-76.780985, 35.863871], [-76.760598, 35.864887], [-76.776404, 35.858689], [-76.783483, 35.849225], [-76.789211, 35.8376], [-76.784708, 35.832957], [-76.78273, 35.824194], [-76.796551, 35.816437], [-76.802573, 35.805238], [-76.793667, 35.79559], [-76.792961, 35.789905], [-76.803457, 35.78393], [-76.803325, 35.772952], [-76.810265, 35.7622], [-76.818034, 35.758615], [-76.819991, 35.752566], [-76.817399, 35.748075], [-76.825264, 35.744841], [-76.825926, 35.740172], [-76.832566, 35.736741], [-76.831328, 35.730702], [-76.847264, 35.719982], [-76.985842, 35.658848], [-77.156765, 35.736812], [-77.16384, 35.739473], [-77.174, 35.732831], [-77.178715, 35.739394], [-77.190012, 35.743273], [-77.191943, 35.74668], [-77.202397, 35.746354], [-77.203019, 35.753573], [-77.215925, 35.76008], [-77.246949, 35.760691], [-77.259792, 35.765222], [-77.264437, 35.775231], [-77.255279, 35.783014], [-77.2552, 35.786352], [-77.350369, 35.819228], [-77.349342, 35.867593], [-77.344415, 35.875328], [-77.342418, 35.905262], [-77.4092, 35.998688]]]}}, {"id": "225", "type": "Feature", "properties": {"GEOID": "37099", "NAME": "Jackson"}, "geometry": {"type": "Polygon", "coordinates": [[[-83.363732, 35.426646], [-83.357333, 35.437799], [-83.359138, 35.439447], [-83.351726, 35.468092], [-83.345175, 35.473554], [-83.335802, 35.474809], [-83.331661, 35.469825], [-83.318342, 35.465262], [-83.308931, 35.479323], [-83.304915, 35.4786], [-83.297045, 35.484278], [-83.291855, 35.483071], [-83.285278, 35.4889], [-83.284403, 35.496255], [-83.264344, 35.506559], [-83.26168, 35.514556], [-83.255259, 35.513572], [-83.236355, 35.524465], [-83.216344, 35.526029], [-83.207683, 35.518024], [-83.195514, 35.519306], [-83.184155, 35.510681], [-83.163711, 35.509192], [-83.159997, 35.501986], [-83.161108, 35.496192], [-83.141549, 35.493469], [-83.137409, 35.488818], [-83.14042, 35.484099], [-83.136453, 35.479179], [-83.1377, 35.464369], [-83.109149, 35.464116], [-83.091435, 35.457531], [-83.089988, 35.448375], [-83.079473, 35.447565], [-83.080089, 35.434749], [-83.063927, 35.426129], [-83.056281, 35.425975], [-83.044365, 35.415097], [-83.043724, 35.394395], [-83.030218, 35.387477], [-83.025007, 35.380316], [-83.006568, 35.377327], [-82.990358, 35.367616], [-82.986248, 35.355892], [-82.976547, 35.349568], [-82.977372, 35.343673], [-82.972086, 35.342962], [-82.964852, 35.333426], [-82.964725, 35.315289], [-82.955185, 35.316386], [-82.950871, 35.306962], [-82.927321, 35.302802], [-82.920881, 35.292037], [-82.922226, 35.283482], [-82.919178, 35.270945], [-82.928428, 35.234893], [-82.935343, 35.225295], [-82.959629, 35.215515], [-82.960196, 35.20562], [-82.970566, 35.193035], [-82.986919, 35.187638], [-82.988707, 35.184838], [-82.98539, 35.179805], [-82.988623, 35.1745], [-82.981211, 35.16764], [-82.996621, 35.163361], [-82.994809, 35.153521], [-82.988273, 35.148244], [-82.980903, 35.148351], [-82.976453, 35.133321], [-82.97879, 35.13039], [-82.983873, 35.131295], [-83.037168, 35.080056], [-83.043864, 35.078299], [-83.043638, 35.071227], [-83.048858, 35.06081], [-83.056889, 35.053827], [-83.043701, 35.051393], [-83.032458, 35.037734], [-83.028585, 35.039891], [-83.01811, 35.037093], [-83.0087002743544, 35.0276262282459], [-83.108568, 35.001354], [-83.108937, 35.009846], [-83.112544, 35.01313], [-83.117287, 35.011695], [-83.126229, 35.015704], [-83.126215, 35.022813], [-83.132824, 35.0341], [-83.131122, 35.039261], [-83.135763, 35.038231], [-83.14814, 35.053625], [-83.171212, 35.060516], [-83.171763, 35.069335], [-83.158113, 35.075041], [-83.157289, 35.078434], [-83.143478, 35.077877], [-83.147714, 35.093763], [-83.152472, 35.09903], [-83.160613, 35.098305], [-83.177556, 35.1089], [-83.187077, 35.133994], [-83.20962, 35.150588], [-83.213052, 35.158236], [-83.223796, 35.157386], [-83.224386, 35.188652], [-83.218523, 35.193617], [-83.219387, 35.206273], [-83.216144, 35.213417], [-83.218392, 35.217045], [-83.216645, 35.223284], [-83.224212, 35.23845], [-83.242866, 35.239082], [-83.245752, 35.231384], [-83.28242, 35.229132], [-83.293648, 35.235547], [-83.298612, 35.255791], [-83.308511, 35.25729], [-83.31019, 35.264231], [-83.31593, 35.264796], [-83.312076, 35.281747], [-83.31841, 35.289341], [-83.316986, 35.298116], [-83.322642, 35.301451], [-83.321225, 35.312026], [-83.331882, 35.315953], [-83.33445, 35.32591], [-83.340561, 35.333064], [-83.33144, 35.353733], [-83.335146, 35.359842], [-83.337408, 35.382075], [-83.345663, 35.389071], [-83.340154, 35.395833], [-83.349145, 35.401222], [-83.347952, 35.405355], [-83.352078, 35.411268], [-83.360704, 35.411813], [-83.363732, 35.426646]]]}}, {"id": "346", "type": "Feature", "properties": {"GEOID": "37031", "NAME": "Carteret"}, "geometry": {"type": "MultiPolygon", "coordinates": [[[[-76.330138, 34.847942], [-76.321201, 34.850517], [-76.315877, 34.858553], [-76.297433, 34.872204], [-76.289162, 34.88866], [-76.283363, 34.882655], [-76.276232, 34.885853], [-76.262542, 34.899889], [-76.226985, 34.925694], [-76.20084, 34.950089], [-76.195897, 34.958972], [-76.175741, 34.972217], [-76.171558, 34.980474], [-76.151783, 34.986784], [-76.151783, 34.994572], [-76.141325, 35.005709], [-76.113754, 35.022683], [-76.108145, 35.034595], [-76.098733, 35.03693], [-76.086088, 35.048061], [-76.087039, 35.052808], [-76.075726, 35.066349], [-76.075916, 35.069929], [-76.064792, 35.073119], [-76.053954, 35.071407], [-76.037792, 35.061914], [-76.037507, 35.057011], [-76.04188, 35.053976], [-76.074109, 35.039032], [-76.096451, 35.023773], [-76.322627, 34.848099], [-76.328807, 34.844665], [-76.330138, 34.847942]]], [[[-76.547567, 34.710625], [-76.538298, 34.711993], [-76.519521, 34.707108], [-76.522849, 34.699097], [-76.544002, 34.701246], [-76.547567, 34.710625]]], [[[-76.552963, 34.614637], [-76.553887, 34.62795], [-76.550414, 34.630916], [-76.550586, 34.616045], [-76.537086, 34.612837], [-76.536801, 34.609708], [-76.532237, 34.61049], [-76.528244, 34.621287], [-76.497726, 34.666809], [-76.502004, 34.674706], [-76.493828, 34.67885], [-76.489074, 34.689482], [-76.471962, 34.706053], [-76.473958, 34.711368], [-76.461599, 34.722386], [-76.451426, 34.725043], [-76.441539, 34.733794], [-76.441729, 34.739498], [-76.437831, 34.742466], [-76.440778, 34.747153], [-76.438116, 34.761292], [-76.432317, 34.765119], [-76.418531, 34.762073], [-76.413587, 34.765119], [-76.413968, 34.779176], [-76.408073, 34.783861], [-76.402844, 34.783861], [-76.402559, 34.791357], [-76.389344, 34.791591], [-76.383259, 34.794948], [-76.372421, 34.810561], [-76.36396, 34.817118], [-76.363675, 34.823362], [-76.347798, 34.829059], [-76.33753, 34.838813], [-76.434503, 34.734107], [-76.488124, 34.671031], [-76.524536, 34.615732], [-76.53547, 34.591552], [-76.552963, 34.614637]]], [[[-76.586309, 34.713947], [-76.56064, 34.710039], [-76.564205, 34.702223], [-76.555411, 34.699488], [-76.555411, 34.696752], [-76.53806, 34.69597], [-76.525939, 34.691866], [-76.525701, 34.685222], [-76.581556, 34.699097], [-76.584645, 34.701832], [-76.586309, 34.713947]]], [[[-76.665486, 34.689743], [-76.629306, 34.683619], [-76.595935, 34.670406], [-76.58928, 34.67197], [-76.580248, 34.66501], [-76.530241, 34.643582], [-76.528815, 34.631536], [-76.535565, 34.631692], [-76.547354, 34.645537], [-76.570551, 34.658285], [-76.650411, 34.679944], [-76.665486, 34.689743]]], [[[-77.0985139877001, 34.6468882984145], [-77.094682, 34.653984], [-77.067872, 34.663837], [-77.014632, 34.676035], [-77.010259, 34.671891], [-77.002368, 34.67197], [-76.947796, 34.678694], [-76.908056, 34.685026], [-76.892084, 34.691358], [-76.883623, 34.689482], [-76.868887, 34.694172], [-76.844263, 34.695267], [-76.822206, 34.704724], [-76.781516, 34.704177], [-76.769632, 34.702927], [-76.766684, 34.699957], [-76.747575, 34.701989], [-76.745578, 34.712149], [-76.742061, 34.712384], [-76.736737, 34.710977], [-76.730557, 34.700816], [-76.716011, 34.704255], [-76.702606, 34.6998], [-76.703652, 34.707929], [-76.698898, 34.712305], [-76.685683, 34.699409], [-76.677792, 34.699175], [-76.675701, 34.695658], [-76.693574, 34.693781], [-76.762969, 34.697448], [-76.847394, 34.690811], [-76.969322, 34.6732], [-77.033632, 34.660502], [-77.092978, 34.644593], [-77.0985139877001, 34.6468882984145]]], [[[-77.16642, 34.791435], [-77.161733, 34.794845], [-77.143456, 34.793857], [-77.14223, 34.797004], [-77.135714, 34.797993], [-77.125699, 34.796206], [-77.123754, 34.792738], [-77.116163, 34.793965], [-77.107382, 34.803106], [-77.090731, 34.799316], [-77.089715, 34.809037], [-77.084952, 34.811148], [-76.954438, 34.809066], [-76.954773, 34.824508], [-76.882306, 34.836685], [-76.883052, 34.844896], [-76.76643, 34.848795], [-76.758008, 34.846285], [-76.693018, 34.86918], [-76.686263, 34.895371], [-76.662462, 34.912257], [-76.652571, 34.937595], [-76.6772373782154, 34.9577117788815], [-76.6769, 34.968813], [-76.657434, 34.982478], [-76.631052, 34.98871], [-76.618693, 34.987931], [-76.578525, 34.976246], [-76.574642, 34.983446], [-76.579713, 34.990073], [-76.564702, 34.998339], [-76.543586, 35.00195], [-76.51157, 35.005075], [-76.510073, 34.996693], [-76.497951, 34.98501], [-76.484166, 34.988125], [-76.483215, 34.99163], [-76.489613, 34.993745], [-76.497476, 35.00818], [-76.486543, 35.020443], [-76.493911, 35.023168], [-76.485813, 35.0406], [-76.479412, 35.044381], [-76.477036, 35.038154], [-76.464676, 35.046716], [-76.470618, 35.058391], [-76.477511, 35.058391], [-76.47038, 35.075704], [-76.463469, 35.076411], [-76.450891, 35.066951], [-76.446137, 35.058391], [-76.435763, 35.057941], [-76.432566, 35.049061], [-76.434966, 35.04263], [-76.433065, 35.033484], [-76.422607, 35.026672], [-76.43045, 35.028229], [-76.437581, 35.024531], [-76.435917, 35.020638], [-76.440433, 35.014604], [-76.435917, 35.000976], [-76.431639, 34.999029], [-76.425462, 35.001464], [-76.422369, 34.97722], [-76.429975, 34.968651], [-76.422845, 34.95073], [-76.415239, 34.953068], [-76.408821, 34.962028], [-76.403117, 34.963392], [-76.398364, 34.94547], [-76.38743, 34.95112], [-76.3803, 34.970209], [-76.381488, 34.979168], [-76.376007, 34.973864], [-76.363425, 34.969235], [-76.361761, 34.976441], [-76.355106, 34.971378], [-76.346754, 34.971903], [-76.34037, 34.966313], [-76.332045, 34.970917], [-76.324445, 34.96047], [-76.319454, 34.965924], [-76.320642, 34.975467], [-76.34037, 34.997277], [-76.350828, 35.015577], [-76.367465, 35.031148], [-76.368654, 35.034651], [-76.364138, 35.036597], [-76.293683, 35.009633], [-76.249314, 35.000668], [-76.243872, 34.996888], [-76.250764, 34.98131], [-76.262411, 34.975273], [-76.28808, 34.996304], [-76.305668, 34.991436], [-76.289269, 34.968066], [-76.27786, 34.960665], [-76.276672, 34.954042], [-76.281187, 34.946639], [-76.279524, 34.941378], [-76.297825, 34.934559], [-76.297604, 34.923658], [-76.313512, 34.926764], [-76.332051, 34.935923], [-76.340845, 34.93339], [-76.34132, 34.924816], [-76.33419, 34.921503], [-76.339894, 34.918385], [-76.336804, 34.909809], [-76.314087, 34.906322], [-76.331373, 34.884878], [-76.344886, 34.878032], [-76.346787, 34.873353], [-76.368275, 34.872881], [-76.383009, 34.86105], [-76.382201, 34.856971], [-76.38648, 34.855411], [-76.395749, 34.860872], [-76.398839, 34.865747], [-76.391946, 34.873938], [-76.391708, 34.878617], [-76.402404, 34.886611], [-76.405732, 34.883102], [-76.41161, 34.841268], [-76.415001, 34.838246], [-76.412149, 34.832198], [-76.418566, 34.826735], [-76.424033, 34.832588], [-76.427598, 34.831418], [-76.436868, 34.818736], [-76.449465, 34.814833], [-76.463017, 34.785076], [-76.471807, 34.776773], [-76.473054, 34.769379], [-76.484641, 34.760958], [-76.485354, 34.754905], [-76.487969, 34.7551], [-76.490583, 34.76252], [-76.497951, 34.763887], [-76.499615, 34.759396], [-76.514114, 34.754319], [-76.510073, 34.747679], [-76.50318, 34.74475], [-76.498427, 34.732054], [-76.499849, 34.729345], [-76.505795, 34.729319], [-76.515777, 34.719552], [-76.534079, 34.723459], [-76.540294, 34.719047], [-76.553093, 34.725803], [-76.575673, 34.721701], [-76.58209, 34.731273], [-76.575197, 34.739672], [-76.585893, 34.756662], [-76.584174, 34.760329], [-76.577574, 34.760372], [-76.575673, 34.768378], [-76.578762, 34.772868], [-76.585655, 34.76994], [-76.593736, 34.771697], [-76.604432, 34.789852], [-76.617267, 34.7879], [-76.61489, 34.776773], [-76.617742, 34.753147], [-76.624159, 34.746507], [-76.622451, 34.737559], [-76.624872, 34.733812], [-76.622258, 34.728343], [-76.627249, 34.724631], [-76.627011, 34.719356], [-76.615603, 34.710174], [-76.619365, 34.704193], [-76.669794, 34.711151], [-76.672728, 34.714683], [-76.680725, 34.712587], [-76.680725, 34.706204], [-76.69046, 34.716017], [-76.714024, 34.715756], [-76.716651, 34.718684], [-76.768455, 34.724399], [-76.84193, 34.729352], [-76.89976, 34.726876], [-76.911108, 34.721212], [-76.936382, 34.717255], [-76.945305, 34.711158], [-76.967556, 34.706776], [-76.971728, 34.709253], [-76.977639, 34.703251], [-77.005215, 34.692473], [-77.008814, 34.696677], [-77.017158, 34.69458], [-77.016926, 34.687815], [-77.024111, 34.688958], [-77.030496, 34.681814], [-77.036604, 34.68235], [-77.04219, 34.689721], [-77.048242, 34.683947], [-77.056213, 34.687338], [-77.054823, 34.680953], [-77.092719, 34.672948], [-77.105004, 34.675521], [-77.113, 34.68143], [-77.105153, 34.694712], [-77.105994, 34.710106], [-77.109153, 34.717874], [-77.121798, 34.731534], [-77.125646, 34.756707], [-77.135751, 34.764609], [-77.142434, 34.76009], [-77.143077, 34.765097], [-77.148811, 34.768423], [-77.157773, 34.765949], [-77.158731, 34.769058], [-77.150761, 34.771396], [-77.153322, 34.776233], [-77.160275, 34.77463], [-77.157254, 34.779403], [-77.159316, 34.781997], [-77.165734, 34.779329], [-77.165986, 34.785032], [-77.162101, 34.786702], [-77.16642, 34.791435]]]]}}, {"id": "347", "type": "Feature", "properties": {"GEOID": "37165", "NAME": "Scotland"}, "geometry": {"type": "Polygon", "coordinates": [[[-79.692513, 34.806847], [-79.688392, 34.81134], [-79.67857, 34.813924], [-79.654499, 34.814881], [-79.634571, 34.825493], [-79.625514, 34.817835], [-79.614168, 34.815338], [-79.62316, 34.821566], [-79.617367, 34.839282], [-79.622721, 34.843527], [-79.619699, 34.848587], [-79.626557, 34.852284], [-79.616, 34.865928], [-79.561856, 34.91035], [-79.566126, 34.911724], [-79.563987, 34.917946], [-79.568388, 34.927501], [-79.578604, 34.930896], [-79.584787, 34.945385], [-79.585618, 34.954745], [-79.581918, 34.956859], [-79.577993, 34.972386], [-79.566667, 34.979415], [-79.573423, 34.99221], [-79.510506, 35.026152], [-79.46864, 35.036662], [-79.458751, 35.043639], [-79.449463, 35.027083], [-79.431335, 35.019759], [-79.415561, 35.003041], [-79.396506, 34.994115], [-79.390528, 34.983776], [-79.361035, 34.957592], [-79.362098, 34.950191], [-79.353124, 34.944242], [-79.355962, 34.932653], [-79.350207, 34.922367], [-79.351734, 34.908969], [-79.348459, 34.901244], [-79.348854, 34.887446], [-79.337269, 34.853716], [-79.347957, 34.842858], [-79.352674, 34.825207], [-79.357624, 34.820306], [-79.331693, 34.773008], [-79.4615628883712, 34.6302980076855], [-79.675299, 34.804744], [-79.692513, 34.806847]]]}}, {"id": "348", "type": "Feature", "properties": {"GEOID": "37019", "NAME": "Brunswick"}, "geometry": {"type": "Polygon", "coordinates": [[[-78.650385, 33.945736], [-78.644393, 33.949878], [-78.646621, 33.954482], [-78.643363, 33.95455], [-78.642172, 33.958098], [-78.648351, 33.96554], [-78.630287, 33.972293], [-78.629703, 33.974971], [-78.624083, 33.973298], [-78.627314, 33.975447], [-78.630545, 33.990964], [-78.639827, 34.00354], [-78.640615, 34.01028], [-78.625449, 34.019756], [-78.618258, 34.019504], [-78.617019, 34.023355], [-78.603409, 34.024665], [-78.600312, 34.029987], [-78.5908, 34.027155], [-78.589086, 34.032059], [-78.583478, 34.032018], [-78.585595, 34.035913], [-78.579341, 34.036891], [-78.578127, 34.043771], [-78.581872, 34.042669], [-78.583279, 34.046402], [-78.579558, 34.051616], [-78.573021, 34.055931], [-78.570866, 34.05335], [-78.570248, 34.055667], [-78.561854, 34.054886], [-78.557052, 34.061849], [-78.558899, 34.066649], [-78.555043, 34.067071], [-78.553742, 34.072186], [-78.554697, 34.076685], [-78.562894, 34.077692], [-78.55696, 34.08411], [-78.560189, 34.092052], [-78.553213, 34.09724], [-78.54805, 34.095293], [-78.54407, 34.099882], [-78.547674, 34.100988], [-78.546591, 34.103228], [-78.554027, 34.104059], [-78.549003, 34.111466], [-78.5551, 34.116753], [-78.549187, 34.119296], [-78.54936, 34.124986], [-78.543, 34.126195], [-78.539724, 34.122963], [-78.538803, 34.125171], [-78.545895, 34.135355], [-78.543573, 34.135843], [-78.546376, 34.138342], [-78.545218, 34.145747], [-78.541256, 34.14821], [-78.537057, 34.146208], [-78.533545, 34.153005], [-78.525033, 34.153998], [-78.515216, 34.165948], [-78.502903, 34.169122], [-78.495951, 34.167628], [-78.483983, 34.15784], [-78.422734, 34.139631], [-78.391551, 34.173939], [-78.372605, 34.188588], [-78.366793, 34.188774], [-78.374295, 34.204893], [-78.254622, 34.216305], [-78.16235, 34.357007], [-78.157526, 34.358872], [-78.154531, 34.364968], [-78.139476, 34.365458], [-78.140154, 34.369858], [-78.137302, 34.371711], [-78.131982, 34.366663], [-78.120727, 34.368002], [-78.102753, 34.355027], [-78.094768, 34.355986], [-78.092806, 34.352382], [-78.084794, 34.351362], [-78.078836, 34.35395], [-78.074693, 34.347979], [-78.078334, 34.338859], [-78.059291, 34.337926], [-78.059813, 34.344836], [-78.052587, 34.339861], [-78.053969, 34.335585], [-78.047136, 34.335439], [-78.046651, 34.330388], [-78.037691, 34.332445], [-78.026289, 34.329304], [-78.026212, 34.318101], [-78.008657, 34.322552], [-78.006401, 34.316872], [-78.012993, 34.312568], [-78.015913, 34.290269], [-78.005912, 34.288869], [-78.00481, 34.28047], [-77.996512, 34.284369], [-77.990212, 34.281669], [-77.991412, 34.278069], [-78.002012, 34.273069], [-77.987512, 34.268269], [-77.987712, 34.260069], [-77.978808, 34.260058], [-77.9731, 34.247237], [-77.967797, 34.252127], [-77.964996, 34.249221], [-77.968491, 34.242308], [-77.963798, 34.241682], [-77.956605, 34.234491], [-77.961304, 34.204869], [-77.956608, 34.192488], [-77.95861, 34.17377], [-77.952206, 34.150347], [-77.936921, 34.122845], [-77.930956, 34.050324], [-77.940452, 33.98466], [-77.948479, 33.971274], [-77.9372410368847, 33.9292408158428], [-77.953356, 33.895646], [-77.960486, 33.843151], [-77.995949, 33.855095], [-78.008329, 33.864174], [-78.008792, 33.86822], [-77.989785, 33.888003], [-77.98903, 33.902451], [-77.99591, 33.905637], [-78.003422, 33.907472], [-78.016969, 33.902349], [-78.01757, 33.895869], [-78.014504, 33.892266], [-78.016388, 33.888573], [-78.020671, 33.888269], [-78.071508, 33.90163], [-78.120349, 33.910309], [-78.177721, 33.914272], [-78.22982, 33.912859], [-78.239228, 33.917452], [-78.387122, 33.901959], [-78.508318, 33.866793], [-78.540518, 33.852711], [-78.650385, 33.945736]]]}}, {"id": "349", "type": "Feature", "properties": {"GEOID": "37129", "NAME": "New Hanover"}, "geometry": {"type": "Polygon", "coordinates": [[[-78.029922, 34.331768], [-77.993202, 34.336828], [-77.99413, 34.342635], [-77.988189, 34.351124], [-77.978004, 34.357423], [-77.9881, 34.363881], [-77.986995, 34.372056], [-77.975553, 34.372344], [-77.962777, 34.382602], [-77.959226, 34.381537], [-77.961663, 34.373432], [-77.957807, 34.368632], [-77.951774, 34.364712], [-77.949726, 34.371128], [-77.940446, 34.370024], [-77.940894, 34.36268], [-77.935448, 34.358044], [-77.93323, 34.359272], [-77.934462, 34.3666], [-77.930691, 34.367401], [-77.931772, 34.362457], [-77.928781, 34.361544], [-77.917752, 34.375511], [-77.900605, 34.377955], [-77.897864, 34.364676], [-77.888433, 34.364062], [-77.858642, 34.379695], [-77.843805, 34.380861], [-77.822995, 34.389359], [-77.820636, 34.384882], [-77.810454, 34.381926], [-77.804709, 34.376292], [-77.809858, 34.368788], [-77.815141, 34.367008], [-77.812314, 34.364682], [-77.812663, 34.359005], [-77.751972, 34.30333], [-77.741407, 34.301548], [-77.739198, 34.292752], [-77.724825, 34.292852], [-77.714393, 34.299355], [-77.710488, 34.297958], [-77.740137, 34.272546], [-77.775334, 34.233321], [-77.83898, 34.147892], [-77.87097, 34.083781], [-77.879484, 34.080578], [-77.875214, 34.074733], [-77.880359, 34.060692], [-77.915537, 33.971723], [-77.9372410368847, 33.9292408158428], [-77.948479, 33.971274], [-77.940669, 33.983951], [-77.936195, 34.004638], [-77.931103, 34.058884], [-77.936921, 34.122845], [-77.952206, 34.150347], [-77.95861, 34.17377], [-77.956608, 34.192488], [-77.961304, 34.204869], [-77.956605, 34.234491], [-77.963798, 34.241682], [-77.968491, 34.242308], [-77.964996, 34.249221], [-77.967797, 34.252127], [-77.9731, 34.247237], [-77.978808, 34.260058], [-77.987712, 34.260069], [-77.987512, 34.268269], [-78.002012, 34.273069], [-77.991412, 34.278069], [-77.990212, 34.281669], [-77.996512, 34.284369], [-78.00481, 34.28047], [-78.005912, 34.288869], [-78.015913, 34.290269], [-78.014813, 34.307468], [-78.006241, 34.319512], [-78.014257, 34.323032], [-78.026212, 34.318101], [-78.026289, 34.329304], [-78.029922, 34.331768]]]}}, {"id": "350", "type": "Feature", "properties": {"GEOID": "37119", "NAME": "Mecklenburg"}, "geometry": {"type": "Polygon", "coordinates": [[[-81.057648, 35.062433], [-81.057236, 35.086129], [-81.052078, 35.096276], [-81.034958, 35.104105], [-81.032471, 35.110033], [-81.038968, 35.126299], [-81.051037, 35.131654], [-81.047091, 35.145157], [-81.04287, 35.149248], [-81.024721, 35.148877], [-81.017112, 35.154318], [-81.00951, 35.153126], [-81.005806, 35.157023], [-81.007306, 35.165175], [-81.002387, 35.180817], [-81.00614, 35.195082], [-81.005268, 35.207686], [-81.014127, 35.22196], [-81.008268, 35.248056], [-81.014111, 35.258513], [-81.01505, 35.268655], [-81.000873, 35.305379], [-80.981687, 35.327216], [-80.984894, 35.340059], [-80.969368, 35.351446], [-80.962141, 35.347046], [-80.956403, 35.350258], [-80.942509, 35.350899], [-80.923042, 35.359917], [-80.951611, 35.367287], [-80.961267, 35.375455], [-80.968093, 35.367674], [-80.976447, 35.36416], [-80.9837, 35.368351], [-80.986835, 35.379014], [-80.955245, 35.393177], [-80.958717, 35.411501], [-80.955142, 35.42116], [-80.958691, 35.432634], [-80.95038, 35.447302], [-80.943086, 35.452916], [-80.942489, 35.457728], [-80.951515, 35.467143], [-80.945325, 35.483617], [-80.947344, 35.488473], [-80.906723, 35.514785], [-80.784167, 35.506017], [-80.786787, 35.492983], [-80.752167, 35.41405], [-80.763549, 35.412099], [-80.766414, 35.401478], [-80.755309, 35.394823], [-80.74441, 35.380667], [-80.693061, 35.346379], [-80.667093, 35.26879], [-80.550349, 35.208412], [-80.767555, 35.036286], [-80.804506, 35.027749], [-80.8403664538681, 35.0016161140946], [-80.93495, 35.107409], [-81.041489, 35.044703], [-81.057648, 35.062433]]]}}, {"id": "351", "type": "Feature", "properties": {"GEOID": "37137", "NAME": "Pamlico"}, "geometry": {"type": "Polygon", "coordinates": [[[-76.987537, 35.154267], [-76.976877, 35.155472], [-76.970511, 35.161853], [-76.97035, 35.179148], [-76.966397, 35.182515], [-76.959481, 35.202843], [-76.944596, 35.210848], [-76.942548, 35.219688], [-76.93259, 35.230286], [-76.906165, 35.235921], [-76.895919, 35.253889], [-76.845276, 35.21608], [-76.632561, 35.235324], [-76.613836, 35.270845], [-76.614319, 35.291569], [-76.619359, 35.302284], [-76.616235, 35.314679], [-76.617033, 35.330871], [-76.6111799559394, 35.3354966940736], [-76.606809, 35.329346], [-76.57496, 35.330509], [-76.484166, 35.313638], [-76.481789, 35.309759], [-76.483928, 35.306267], [-76.498869, 35.305888], [-76.498902, 35.296375], [-76.492722, 35.291331], [-76.498157, 35.279554], [-76.479888, 35.279108], [-76.478306, 35.281413], [-76.481407, 35.286424], [-76.477077, 35.286656], [-76.469733, 35.280886], [-76.475847, 35.276779], [-76.467439, 35.261336], [-76.479382, 35.26902], [-76.490718, 35.262707], [-76.491386, 35.260091], [-76.484904, 35.259913], [-76.486739, 35.255849], [-76.479175, 35.247281], [-76.493435, 35.246116], [-76.503416, 35.240681], [-76.491383, 35.220745], [-76.49605, 35.216995], [-76.529087, 35.231168], [-76.555945, 35.233886], [-76.565452, 35.229227], [-76.560223, 35.223402], [-76.539308, 35.218548], [-76.529325, 35.208062], [-76.521006, 35.20612], [-76.518629, 35.202236], [-76.526711, 35.184755], [-76.534554, 35.18456], [-76.537644, 35.19233], [-76.544254, 35.193648], [-76.548339, 35.189805], [-76.574722, 35.200876], [-76.586368, 35.202042], [-76.601342, 35.19738], [-76.598728, 35.187863], [-76.605858, 35.18728], [-76.605145, 35.184172], [-76.610612, 35.183395], [-76.612751, 35.179898], [-76.634142, 35.174264], [-76.633666, 35.160663], [-76.613701, 35.162995], [-76.603956, 35.160663], [-76.600154, 35.154445], [-76.586606, 35.154445], [-76.583991, 35.163384], [-76.588032, 35.168824], [-76.579951, 35.17407], [-76.569255, 35.173487], [-76.565452, 35.172516], [-76.564502, 35.166298], [-76.547151, 35.149198], [-76.539545, 35.15464], [-76.536347, 35.149927], [-76.557134, 35.124708], [-76.559273, 35.114209], [-76.565215, 35.110321], [-76.569493, 35.09846], [-76.588745, 35.095932], [-76.595162, 35.092042], [-76.592553, 35.083605], [-76.597301, 35.073954], [-76.637232, 35.057807], [-76.668605, 35.033289], [-76.683342, 35.029786], [-76.696889, 35.02239], [-76.702517, 35.018933], [-76.711625, 35.004481], [-76.729927, 35.00195], [-76.748228, 34.992993], [-76.757498, 34.992409], [-76.771181, 34.976742], [-76.790773, 34.973715], [-76.800993, 34.968651], [-76.803607, 34.963781], [-76.806697, 34.967872], [-76.820483, 34.970988], [-76.857085, 34.996693], [-76.874674, 35.002729], [-76.901056, 35.025115], [-76.908678, 35.02842], [-76.913891, 35.028034], [-76.914366, 35.02492], [-76.934039, 35.034229], [-76.92934, 35.038349], [-76.930291, 35.041852], [-76.94574, 35.044965], [-76.9487988184339, 35.0514545593768], [-76.942861, 35.051358], [-76.936149, 35.06191], [-76.937429, 35.076118], [-76.933295, 35.080155], [-76.937982, 35.085044], [-76.93676, 35.101511], [-76.940208, 35.10297], [-76.933869, 35.106575], [-76.937414, 35.114961], [-76.933541, 35.115298], [-76.931523, 35.115952], [-76.931113, 35.117198], [-76.941954, 35.115498], [-76.940819, 35.119103], [-76.943546, 35.121306], [-76.975854, 35.133678], [-76.984901, 35.145062], [-76.987537, 35.154267]]]}}, {"id": "352", "type": "Feature", "properties": {"GEOID": "37013", "NAME": "Beaufort"}, "geometry": {"type": "Polygon", "coordinates": [[[-77.195772, 35.699779], [-77.193949, 35.709235], [-77.187174, 35.712251], [-77.185706, 35.719715], [-77.170939, 35.716328], [-77.175088, 35.729486], [-77.171987, 35.736232], [-77.16384, 35.739473], [-76.985842, 35.658848], [-76.847264, 35.719982], [-76.84462, 35.705719], [-76.637513, 35.705215], [-76.601982, 35.670055], [-76.600308, 35.663963], [-76.606194, 35.646939], [-76.591579, 35.624114], [-76.577569, 35.611243], [-76.564183, 35.601305], [-76.554872, 35.600226], [-76.551061, 35.596632], [-76.542294, 35.599201], [-76.534313, 35.595594], [-76.532545, 35.593123], [-76.539571, 35.585734], [-76.538359, 35.582616], [-76.532542, 35.580912], [-76.524873, 35.585341], [-76.519287, 35.584839], [-76.519078, 35.578802], [-76.512678, 35.576265], [-76.506019, 35.581014], [-76.501593, 35.579723], [-76.501356, 35.571612], [-76.492147, 35.572908], [-76.4689288614689, 35.557809321825], [-76.480838, 35.550486], [-76.487205, 35.537128], [-76.495952, 35.53437], [-76.50916, 35.537273], [-76.519893, 35.53069], [-76.533735, 35.532808], [-76.537031, 35.52913], [-76.550716, 35.533661], [-76.556791, 35.528892], [-76.570444, 35.538496], [-76.599203, 35.53985], [-76.607759, 35.53308], [-76.613464, 35.532694], [-76.637945, 35.512962], [-76.627962, 35.506191], [-76.614652, 35.487421], [-76.597382, 35.481932], [-76.607046, 35.455482], [-76.603719, 35.443478], [-76.592786, 35.4367], [-76.595162, 35.432633], [-76.588356, 35.426411], [-76.590409, 35.416945], [-76.581852, 35.407453], [-76.580426, 35.397767], [-76.574722, 35.38866], [-76.577559, 35.387576], [-76.595875, 35.389048], [-76.613226, 35.396023], [-76.647927, 35.403385], [-76.660762, 35.412877], [-76.660287, 35.42295], [-76.662901, 35.425467], [-76.667179, 35.424305], [-76.669556, 35.418882], [-76.680749, 35.415938], [-76.702594, 35.42295], [-76.710675, 35.428566], [-76.743712, 35.426823], [-76.759235, 35.418906], [-76.769144, 35.426823], [-76.808836, 35.440573], [-76.817155, 35.451997], [-76.82286, 35.452771], [-76.830898, 35.447949], [-76.880378, 35.459741], [-76.906047, 35.459354], [-76.936233, 35.474647], [-76.94625, 35.474559], [-76.957624, 35.482969], [-76.979207, 35.483351], [-77.007774, 35.507545], [-77.009676, 35.513736], [-77.042951, 35.536755], [-77.053171, 35.535208], [-77.054122, 35.53134], [-77.048893, 35.525924], [-77.042713, 35.52457], [-77.02251, 35.506191], [-77.021322, 35.498451], [-77.042, 35.507545], [-77.04509, 35.503288], [-77.034632, 35.492839], [-77.004685, 35.475808], [-76.986383, 35.472517], [-76.974635, 35.458858], [-76.96618, 35.433989], [-76.925023, 35.448802], [-76.919357, 35.441541], [-76.883943, 35.426242], [-76.844488, 35.423724], [-76.823164, 35.408251], [-76.821671, 35.399898], [-76.80028, 35.390792], [-76.772947, 35.390985], [-76.769144, 35.383041], [-76.738008, 35.374902], [-76.719469, 35.375095], [-76.702831, 35.36366], [-76.694187, 35.362602], [-76.68144, 35.349704], [-76.670744, 35.345633], [-76.651255, 35.34001], [-76.645839, 35.343249], [-76.616316, 35.342724], [-76.6111799559394, 35.3354966940736], [-76.617033, 35.330871], [-76.616235, 35.314679], [-76.619359, 35.302284], [-76.614319, 35.291569], [-76.613836, 35.270845], [-76.632561, 35.235324], [-76.845276, 35.21608], [-76.958809, 35.300957], [-77.190423, 35.418994], [-77.19123, 35.435026], [-77.181368, 35.440691], [-77.180799, 35.455104], [-77.173841, 35.456596], [-77.173818, 35.484966], [-77.167067, 35.496923], [-77.176543, 35.501339], [-77.17621, 35.5191], [-77.127396, 35.553763], [-77.113178, 35.549738], [-77.084643, 35.552601], [-77.088814, 35.554417], [-77.089548, 35.560883], [-77.086581, 35.562593], [-77.09017, 35.568665], [-77.096627, 35.564683], [-77.101636, 35.566331], [-77.101437, 35.569676], [-77.110453, 35.56963], [-77.111883, 35.574822], [-77.106676, 35.5814], [-77.117208, 35.581387], [-77.114425, 35.588627], [-77.118047, 35.583217], [-77.125352, 35.584567], [-77.121915, 35.592197], [-77.124644, 35.596862], [-77.127257, 35.594044], [-77.134656, 35.596157], [-77.139521, 35.60213], [-77.142428, 35.599125], [-77.150823, 35.602598], [-77.140249, 35.606258], [-77.145481, 35.608562], [-77.143553, 35.620505], [-77.147975, 35.620227], [-77.150528, 35.62519], [-77.162193, 35.629833], [-77.163099, 35.633418], [-77.168248, 35.6312], [-77.173959, 35.635322], [-77.174673, 35.658718], [-77.180683, 35.664536], [-77.177453, 35.669366], [-77.172008, 35.668976], [-77.167093, 35.672622], [-77.171885, 35.676689], [-77.169849, 35.684339], [-77.175321, 35.687306], [-77.179833, 35.685174], [-77.180885, 35.692884], [-77.192982, 35.694158], [-77.195772, 35.699779]]]}}, {"id": "353", "type": "Feature", "properties": {"GEOID": "37089", "NAME": "Henderson"}, "geometry": {"type": "Polygon", "coordinates": [[[-82.745139, 35.422967], [-82.739246, 35.429968], [-82.730893, 35.432316], [-82.714205, 35.448637], [-82.700739, 35.454318], [-82.680213, 35.454022], [-82.673234, 35.459487], [-82.660606, 35.452776], [-82.653038, 35.455031], [-82.641964, 35.444292], [-82.621399, 35.435884], [-82.618078, 35.44023], [-82.608738, 35.443277], [-82.595014, 35.435705], [-82.587031, 35.438126], [-82.570479, 35.431102], [-82.567939, 35.437916], [-82.56184, 35.4377], [-82.561188, 35.443179], [-82.548825, 35.444305], [-82.549357, 35.440598], [-82.546422, 35.440556], [-82.542279, 35.43128], [-82.54695, 35.425159], [-82.535936, 35.422236], [-82.533228, 35.41645], [-82.535456, 35.42238], [-82.52983, 35.42293], [-82.529054, 35.436107], [-82.535451, 35.43633], [-82.53394, 35.444428], [-82.470557, 35.445174], [-82.461568, 35.450769], [-82.456127, 35.44965], [-82.45402, 35.455222], [-82.44588, 35.460678], [-82.434978, 35.462868], [-82.417753, 35.474413], [-82.407471, 35.473619], [-82.40188, 35.469827], [-82.388243, 35.469982], [-82.382208, 35.464056], [-82.363133, 35.46096], [-82.370682, 35.472016], [-82.369323, 35.485518], [-82.361495, 35.485103], [-82.356278, 35.490711], [-82.341003, 35.488886], [-82.337881, 35.498494], [-82.332822, 35.50022], [-82.265795, 35.467818], [-82.280529, 35.443393], [-82.273423, 35.430707], [-82.27577, 35.423804], [-82.272386, 35.409266], [-82.268655, 35.406588], [-82.270121, 35.400356], [-82.262076, 35.394726], [-82.261463, 35.388449], [-82.27585, 35.375912], [-82.297807, 35.336372], [-82.305265, 35.33263], [-82.305681, 35.326818], [-82.308142, 35.326991], [-82.307874, 35.322391], [-82.311281, 35.320094], [-82.310429, 35.314708], [-82.318226, 35.306804], [-82.329503, 35.307633], [-82.330266, 35.303044], [-82.346141, 35.285992], [-82.349653, 35.244305], [-82.359152, 35.244489], [-82.359256, 35.228325], [-82.350931, 35.228288], [-82.3536543147338, 35.1922225810449], [-82.363256, 35.189639], [-82.364299, 35.184725], [-82.36899, 35.181747], [-82.373218, 35.182201], [-82.382217, 35.189593], [-82.378744, 35.198053], [-82.384029, 35.210542], [-82.39293, 35.215402], [-82.403348, 35.204473], [-82.419744, 35.198613], [-82.428, 35.183224], [-82.426805, 35.178918], [-82.430666, 35.178298], [-82.434676, 35.168279], [-82.439595, 35.165863], [-82.457128, 35.16395], [-82.451609, 35.172699], [-82.454309, 35.177414], [-82.460092, 35.178143], [-82.467991, 35.174633], [-82.483937, 35.173798], [-82.498464, 35.162954], [-82.50368, 35.165926], [-82.507914, 35.162406], [-82.516044, 35.163442], [-82.529973, 35.155617], [-82.536474, 35.154783], [-82.536747, 35.160091], [-82.546374, 35.163731], [-82.55327, 35.161653], [-82.556165, 35.15784], [-82.55333, 35.153493], [-82.563767, 35.151575], [-82.5741676484568, 35.1436658020327], [-82.585585, 35.152096], [-82.58568, 35.158339], [-82.590745, 35.162035], [-82.603968, 35.221791], [-82.604267, 35.25894], [-82.616119, 35.260066], [-82.610186, 35.288199], [-82.618769, 35.288422], [-82.623996, 35.297068], [-82.619248, 35.303708], [-82.745139, 35.422967]]]}}, {"id": "354", "type": "Feature", "properties": {"GEOID": "37113", "NAME": "Macon"}, "geometry": {"type": "Polygon", "coordinates": [[[-83.738129, 35.15595], [-83.730737, 35.171433], [-83.731535, 35.178579], [-83.711878, 35.190354], [-83.711374, 35.195525], [-83.716272, 35.199724], [-83.719804, 35.196836], [-83.728894, 35.200503], [-83.722651, 35.209758], [-83.712908, 35.213291], [-83.709989, 35.218941], [-83.693925, 35.228553], [-83.690472, 35.234813], [-83.691833, 35.242903], [-83.702652, 35.248462], [-83.684064, 35.276355], [-83.673057, 35.282774], [-83.497917, 35.299301], [-83.490276, 35.305547], [-83.473831, 35.297611], [-83.467584, 35.297752], [-83.45589, 35.302797], [-83.452066, 35.314204], [-83.440808, 35.317205], [-83.432772, 35.325105], [-83.421914, 35.317714], [-83.417062, 35.319294], [-83.410918, 35.316528], [-83.399901, 35.327605], [-83.37932, 35.325506], [-83.372826, 35.328983], [-83.364228, 35.325993], [-83.357497, 35.3296], [-83.339609, 35.330993], [-83.33445, 35.32591], [-83.331882, 35.315953], [-83.321225, 35.312026], [-83.322642, 35.301451], [-83.316986, 35.298116], [-83.31841, 35.289341], [-83.312076, 35.281747], [-83.31593, 35.264796], [-83.31019, 35.264231], [-83.308511, 35.25729], [-83.298612, 35.255791], [-83.293648, 35.235547], [-83.276955, 35.228045], [-83.245752, 35.231384], [-83.242866, 35.239082], [-83.224212, 35.23845], [-83.216645, 35.223284], [-83.218392, 35.217045], [-83.216144, 35.213417], [-83.219387, 35.206273], [-83.218523, 35.193617], [-83.224386, 35.188652], [-83.223796, 35.157386], [-83.213052, 35.158236], [-83.20962, 35.150588], [-83.187077, 35.133994], [-83.177556, 35.1089], [-83.160613, 35.098305], [-83.152472, 35.09903], [-83.147714, 35.093763], [-83.143478, 35.077877], [-83.157289, 35.078434], [-83.158113, 35.075041], [-83.171763, 35.069335], [-83.171212, 35.060516], [-83.14814, 35.053625], [-83.135763, 35.038231], [-83.131122, 35.039261], [-83.132824, 35.0341], [-83.126215, 35.022813], [-83.126229, 35.015704], [-83.117287, 35.011695], [-83.112544, 35.01313], [-83.108937, 35.009846], [-83.108568, 35.001354], [-83.4829524283476, 34.9934833880904], [-83.486818, 34.998667], [-83.504599, 35.000659], [-83.511203, 35.005058], [-83.520457, 34.996576], [-83.52708, 35.009214], [-83.521827, 35.013427], [-83.521173, 35.018044], [-83.543474, 35.038746], [-83.558573, 35.03952], [-83.566717, 35.051281], [-83.562232, 35.059424], [-83.568195, 35.067573], [-83.567308, 35.07109], [-83.57531, 35.071651], [-83.581847, 35.078075], [-83.587521, 35.092332], [-83.618299, 35.106798], [-83.614648, 35.113422], [-83.618891, 35.119408], [-83.618928, 35.12825], [-83.626548, 35.131383], [-83.624793, 35.125416], [-83.632386, 35.125087], [-83.634745, 35.12118], [-83.64375, 35.132005], [-83.637717, 35.132841], [-83.639871, 35.138493], [-83.654454, 35.135556], [-83.657073, 35.140139], [-83.648549, 35.140644], [-83.645148, 35.14528], [-83.64916, 35.147814], [-83.64771, 35.151963], [-83.655188, 35.158322], [-83.659403, 35.16002], [-83.659415, 35.154489], [-83.665917, 35.150066], [-83.673449, 35.157057], [-83.684356, 35.157766], [-83.68712, 35.154111], [-83.693406, 35.155998], [-83.699199, 35.15263], [-83.714149, 35.155313], [-83.726359, 35.145485], [-83.738129, 35.15595]]]}}, {"id": "355", "type": "Feature", "properties": {"GEOID": "37139", "NAME": "Pasquotank"}, "geometry": {"type": "Polygon", "coordinates": [[[-76.491336, 36.510677], [-76.437286, 36.467846], [-76.42271, 36.464386], [-76.406139, 36.453966], [-76.394749, 36.454549], [-76.386817, 36.446892], [-76.376805, 36.44594], [-76.37192, 36.439436], [-76.367354, 36.439353], [-76.369329, 36.435372], [-76.363242, 36.42906], [-76.356912, 36.426631], [-76.34761, 36.428178], [-76.34848, 36.423867], [-76.345569, 36.421402], [-76.322596, 36.427606], [-76.32001, 36.423125], [-76.323099, 36.417316], [-76.311665, 36.407695], [-76.310541, 36.401926], [-76.302236, 36.400874], [-76.291542, 36.386629], [-76.288101, 36.384886], [-76.285256, 36.388827], [-76.27876, 36.386353], [-76.274126, 36.388227], [-76.258891, 36.384274], [-76.256477, 36.373675], [-76.260101, 36.366496], [-76.256744, 36.363344], [-76.231329, 36.37208], [-76.231523, 36.362728], [-76.225774, 36.354141], [-76.22704, 36.34774], [-76.214178, 36.341599], [-76.218083, 36.333617], [-76.215978, 36.327675], [-76.192207, 36.32814], [-76.181198, 36.321039], [-76.1876, 36.314564], [-76.199222, 36.317533], [-76.200654, 36.306051], [-76.213793, 36.304046], [-76.217878, 36.296624], [-76.205893, 36.292844], [-76.202582, 36.286222], [-76.190408, 36.286027], [-76.188604, 36.279671], [-76.173908, 36.263594], [-76.155839, 36.263831], [-76.144281, 36.258891], [-76.13671, 36.250387], [-76.135127, 36.241518], [-76.125986, 36.232876], [-76.117188, 36.213512], [-76.080107, 36.19944], [-76.059271, 36.149285], [-76.071673, 36.140183], [-76.092556, 36.135794], [-76.146423, 36.13005], [-76.166626, 36.123714], [-76.187542, 36.125442], [-76.206874, 36.137521], [-76.216539, 36.15078], [-76.228184, 36.158487], [-76.233118, 36.1652], [-76.23175, 36.167859], [-76.247878, 36.175148], [-76.249101, 36.184934], [-76.2735069619519, 36.1907856396217], [-76.273284, 36.195179], [-76.279305, 36.198244], [-76.286521, 36.209826], [-76.288309, 36.213821], [-76.285035, 36.215788], [-76.289603, 36.217882], [-76.290671, 36.223497], [-76.303322, 36.221714], [-76.307319, 36.230391], [-76.314674, 36.232711], [-76.317729, 36.240409], [-76.332545, 36.244414], [-76.340612, 36.241425], [-76.347449, 36.249789], [-76.37488, 36.258654], [-76.377765, 36.268573], [-76.375608, 36.273584], [-76.391771, 36.287307], [-76.394252, 36.295715], [-76.40173, 36.301619], [-76.447503, 36.363553], [-76.491405, 36.468648], [-76.491336, 36.510677]]]}}, {"id": "356", "type": "Feature", "properties": {"GEOID": "37007", "NAME": "Anson"}, "geometry": {"type": "Polygon", "coordinates": [[[-80.3208073604558, 34.814081463212], [-80.276829, 35.195722], [-80.264634, 35.204498], [-80.26355, 35.208557], [-80.255872, 35.211067], [-80.251276, 35.208794], [-80.250545, 35.202097], [-80.239999, 35.188067], [-80.241596, 35.179785], [-80.225002, 35.156241], [-80.208522, 35.15577], [-80.204732, 35.165812], [-80.196975, 35.166499], [-80.190638, 35.155538], [-80.172819, 35.147847], [-80.159929, 35.149674], [-80.167574, 35.162171], [-80.158851, 35.167753], [-80.155861, 35.174527], [-80.136233, 35.167486], [-80.131161, 35.173623], [-80.124175, 35.175281], [-80.129403, 35.185777], [-80.127784, 35.188959], [-80.118607, 35.193541], [-80.111565, 35.193332], [-80.108146, 35.187967], [-80.107259, 35.17334], [-80.08986, 35.160926], [-80.077678, 35.147595], [-80.06815, 35.112041], [-80.041411, 35.102568], [-80.024355, 35.090375], [-79.992941, 35.08559], [-79.984777, 35.090181], [-79.978772, 35.100784], [-79.958475, 35.113719], [-79.941645, 35.119223], [-79.92519, 35.116502], [-79.9219, 35.106685], [-79.912518, 35.096067], [-79.910156, 35.068991], [-79.882298, 35.050675], [-79.875884, 35.042584], [-79.877197, 35.03531], [-79.892427, 35.02487], [-79.900627, 35.005737], [-79.864793, 34.979988], [-79.863668, 34.974984], [-79.872303, 34.950371], [-79.855648, 34.925073], [-79.848479, 34.904331], [-79.865784, 34.879358], [-79.883136, 34.864451], [-79.897077, 34.859985], [-79.902963, 34.854545], [-79.913755, 34.818922], [-79.9274157876858, 34.8065508188027], [-80.3208073604558, 34.814081463212]]]}}, {"id": "679", "type": "Feature", "properties": {"GEOID": "37023", "NAME": "Burke"}, "geometry": {"type": "Polygon", "coordinates": [[[-81.986939, 35.806923], [-81.973547, 35.82118], [-81.955164, 35.820733], [-81.947332, 35.826401], [-81.940139, 35.837382], [-81.924985, 35.84307], [-81.91758, 35.851674], [-81.918083, 35.860017], [-81.906652, 35.883376], [-81.90939, 35.897931], [-81.914307, 35.901395], [-81.910319, 35.905524], [-81.914891, 35.916438], [-81.920616, 35.919086], [-81.928471, 35.931531], [-81.925633, 35.937016], [-81.932127, 35.941155], [-81.931438, 35.946876], [-81.943188, 35.96005], [-81.899871, 35.999909], [-81.881386, 35.992932], [-81.877762, 35.989046], [-81.877517, 35.981159], [-81.870031, 35.976306], [-81.844536, 35.974976], [-81.831668, 35.9671], [-81.817431, 35.968368], [-81.807162, 35.961955], [-81.809076, 35.958787], [-81.80008, 35.950626], [-81.777449, 35.947048], [-81.776804, 35.941151], [-81.779751, 35.938704], [-81.775387, 35.933624], [-81.777692, 35.929917], [-81.775607, 35.926949], [-81.76959, 35.929119], [-81.763702, 35.925757], [-81.758733, 35.928466], [-81.752523, 35.924426], [-81.74573, 35.916378], [-81.744587, 35.908683], [-81.734883, 35.90261], [-81.728676, 35.890956], [-81.712736, 35.877171], [-81.639217, 35.848346], [-81.632109, 35.835739], [-81.626109, 35.833482], [-81.630065, 35.830377], [-81.610385, 35.819612], [-81.600809, 35.825096], [-81.555994, 35.777538], [-81.44605, 35.785245], [-81.442152, 35.774426], [-81.408416, 35.765402], [-81.399218, 35.75856], [-81.377112, 35.757633], [-81.371196, 35.766385], [-81.363796, 35.767802], [-81.432898, 35.677847], [-81.506809, 35.607956], [-81.537599, 35.564228], [-81.561061, 35.562932], [-81.56678, 35.558448], [-81.573187, 35.558679], [-81.579063, 35.562246], [-81.577234, 35.566399], [-81.591379, 35.565073], [-81.596232, 35.57126], [-81.61742, 35.565456], [-81.633429, 35.567293], [-81.648967, 35.56161], [-81.662862, 35.56752], [-81.670969, 35.56677], [-81.691055, 35.584576], [-81.692538, 35.578895], [-81.702587, 35.583332], [-81.705653, 35.581214], [-81.716326, 35.595012], [-81.715206, 35.601143], [-81.719951, 35.606012], [-81.737143, 35.601908], [-81.746823, 35.605689], [-81.753407, 35.613588], [-81.771972, 35.601978], [-81.768338, 35.597933], [-81.77217, 35.592944], [-81.794058, 35.593239], [-81.798783, 35.579968], [-81.802838, 35.578165], [-81.81012, 35.581319], [-81.818492, 35.57798], [-81.822132, 35.580513], [-81.824122, 35.574983], [-81.869388, 35.719624], [-81.986939, 35.806923]]]}}, {"id": "680", "type": "Feature", "properties": {"GEOID": "37101", "NAME": "Johnston"}, "geometry": {"type": "Polygon", "coordinates": [[[-78.708902, 35.519458], [-78.467711, 35.707482], [-78.460036, 35.705691], [-78.255973, 35.81812], [-78.257021, 35.813196], [-78.251399, 35.810932], [-78.250905, 35.798264], [-78.243876, 35.791949], [-78.250941, 35.773898], [-78.238273, 35.767142], [-78.232739, 35.751326], [-78.22682, 35.750511], [-78.218829, 35.754874], [-78.213113, 35.744955], [-78.215472, 35.735837], [-78.208461, 35.730346], [-78.182305, 35.728871], [-78.176418, 35.724862], [-78.175996, 35.718418], [-78.161255, 35.712871], [-78.161342, 35.698153], [-78.157521, 35.685261], [-78.125587, 35.603111], [-78.064784, 35.585263], [-78.15491, 35.41781], [-78.153672, 35.391987], [-78.144327, 35.387411], [-78.162443, 35.367227], [-78.157886, 35.359764], [-78.15991, 35.356544], [-78.154503, 35.356967], [-78.153243, 35.350671], [-78.178801, 35.344148], [-78.184805, 35.34542], [-78.18809, 35.342568], [-78.196274, 35.343568], [-78.197282, 35.340061], [-78.215478, 35.341527], [-78.215565, 35.333772], [-78.242087, 35.319954], [-78.256751, 35.325579], [-78.269021, 35.322831], [-78.276034, 35.315136], [-78.289711, 35.315077], [-78.30658, 35.287604], [-78.397725, 35.26296], [-78.411792, 35.254672], [-78.49193, 35.263342], [-78.538349, 35.31641], [-78.535594, 35.319934], [-78.537645, 35.327059], [-78.529851, 35.334935], [-78.532758, 35.34229], [-78.568818, 35.369279], [-78.572501, 35.386482], [-78.592655, 35.3986], [-78.598773, 35.41826], [-78.609946, 35.427192], [-78.607183, 35.432118], [-78.62724, 35.45827], [-78.638345, 35.461586], [-78.650253, 35.472416], [-78.650429, 35.482849], [-78.660555, 35.496245], [-78.675492, 35.496376], [-78.686885, 35.501851], [-78.689661, 35.515931], [-78.708902, 35.519458]]]}}, {"id": "681", "type": "Feature", "properties": {"GEOID": "37093", "NAME": "Hoke"}, "geometry": {"type": "Polygon", "coordinates": [[[-79.457919, 35.044561], [-79.335437, 35.161581], [-79.328535, 35.161521], [-79.329057, 35.164659], [-79.323323, 35.167121], [-79.3123, 35.168485], [-79.292573, 35.188436], [-79.271059, 35.199372], [-79.264954, 35.199035], [-79.260512, 35.20394], [-79.255659, 35.202926], [-79.2429, 35.213796], [-79.241912, 35.209018], [-79.229845, 35.210649], [-79.223252, 35.201934], [-79.219588, 35.202236], [-79.211347, 35.193977], [-79.184753, 35.193552], [-79.180756, 35.18979], [-79.175082, 35.192952], [-79.172133, 35.185899], [-79.168185, 35.185395], [-79.168329, 35.181383], [-79.161506, 35.178723], [-79.160553, 35.182426], [-79.154279, 35.180395], [-79.155055, 35.176824], [-79.151968, 35.174187], [-79.147376, 35.175576], [-79.148888, 35.173232], [-79.142711, 35.168984], [-79.132952, 35.177749], [-79.124782, 35.166573], [-79.119873, 35.171702], [-79.10927, 35.171106], [-79.106953, 35.175956], [-79.100755, 35.171961], [-79.097551, 35.174233], [-79.112853, 35.125912], [-79.105455, 35.121453], [-79.101162, 35.114332], [-79.098458, 35.094525], [-79.093164, 35.09017], [-79.093428, 35.079598], [-79.089409, 35.073365], [-79.093097, 35.055959], [-79.088265, 35.051816], [-79.091627, 35.047303], [-79.090291, 35.042031], [-79.071391, 35.01451], [-79.061892, 35.008926], [-79.05677, 34.998282], [-79.049699, 34.991954], [-79.04658, 34.977593], [-79.034768, 34.962964], [-79.037545, 34.957426], [-79.035556, 34.955197], [-79.191391, 34.833717], [-79.347868, 34.838553], [-79.347957, 34.842858], [-79.337269, 34.853716], [-79.348854, 34.887446], [-79.348459, 34.901244], [-79.351734, 34.908969], [-79.350207, 34.922367], [-79.355962, 34.932653], [-79.353124, 34.944242], [-79.362098, 34.950191], [-79.361035, 34.957592], [-79.390528, 34.983776], [-79.396506, 34.994115], [-79.415561, 35.003041], [-79.431335, 35.019759], [-79.449463, 35.027083], [-79.457198, 35.037558], [-79.457919, 35.044561]]]}}, {"id": "682", "type": "Feature", "properties": {"GEOID": "37125", "NAME": "Moore"}, "geometry": {"type": "Polygon", "coordinates": [[[-79.767957, 35.511484], [-79.350073, 35.518002], [-79.351412, 35.514659], [-79.339523, 35.505144], [-79.33592, 35.497754], [-79.35188, 35.477477], [-79.359898, 35.477543], [-79.356604, 35.47342], [-79.359765, 35.469675], [-79.355756, 35.469641], [-79.355183, 35.464634], [-79.348219, 35.463279], [-79.350454, 35.457923], [-79.346089, 35.456913], [-79.342047, 35.449022], [-79.329563, 35.43979], [-79.326686, 35.434896], [-79.329529, 35.431185], [-79.328888, 35.423105], [-79.317379, 35.419923], [-79.311635, 35.409923], [-79.30462, 35.404956], [-79.289561, 35.400439], [-79.271843, 35.362184], [-79.27332, 35.352286], [-79.265713, 35.345279], [-79.254266, 35.343291], [-79.221976, 35.324337], [-79.183556, 35.307161], [-79.223021, 35.268133], [-79.20294, 35.258391], [-79.19375, 35.25023], [-79.177675, 35.247322], [-79.165108, 35.240925], [-79.153881, 35.229226], [-79.154164, 35.220386], [-79.150586, 35.213336], [-79.137945, 35.211406], [-79.134639, 35.206824], [-79.124678, 35.206219], [-79.100437, 35.196151], [-79.095808, 35.192068], [-79.09872, 35.184095], [-79.097551, 35.174233], [-79.100755, 35.171961], [-79.106953, 35.175956], [-79.10927, 35.171106], [-79.119873, 35.171702], [-79.124782, 35.166573], [-79.132952, 35.177749], [-79.142711, 35.168984], [-79.148888, 35.173232], [-79.147376, 35.175576], [-79.151968, 35.174187], [-79.155055, 35.176824], [-79.154279, 35.180395], [-79.160553, 35.182426], [-79.161506, 35.178723], [-79.168329, 35.181383], [-79.168185, 35.185395], [-79.172133, 35.185899], [-79.175082, 35.192952], [-79.180756, 35.18979], [-79.184753, 35.193552], [-79.211347, 35.193977], [-79.219588, 35.202236], [-79.223252, 35.201934], [-79.229845, 35.210649], [-79.239492, 35.208511], [-79.2429, 35.213796], [-79.24666, 35.2131], [-79.255659, 35.202926], [-79.260512, 35.20394], [-79.264954, 35.199035], [-79.271059, 35.199372], [-79.292573, 35.188436], [-79.3123, 35.168485], [-79.323323, 35.167121], [-79.329057, 35.164659], [-79.328535, 35.161521], [-79.335437, 35.161581], [-79.458751, 35.043639], [-79.47424, 35.051461], [-79.477255, 35.057047], [-79.498989, 35.06384], [-79.507685, 35.061501], [-79.523592, 35.066182], [-79.568263, 35.064836], [-79.575931, 35.069904], [-79.582779, 35.08396], [-79.582479, 35.08993], [-79.574931, 35.101947], [-79.573312, 35.12245], [-79.583217, 35.128023], [-79.589079, 35.138974], [-79.609409, 35.148971], [-79.616108, 35.168525], [-79.621803, 35.17178], [-79.627351, 35.170021], [-79.627678, 35.174454], [-79.637093, 35.17611], [-79.64938, 35.188707], [-79.657134, 35.191349], [-79.664791, 35.216522], [-79.664314, 35.226629], [-79.668125, 35.228893], [-79.672509, 35.244994], [-79.698007, 35.251521], [-79.70268, 35.255907], [-79.705284, 35.26823], [-79.711978, 35.275882], [-79.709913, 35.301275], [-79.75173, 35.443994], [-79.764192, 35.475735], [-79.767957, 35.511484]]]}}, {"id": "683", "type": "Feature", "properties": {"GEOID": "37127", "NAME": "Nash"}, "geometry": {"type": "Polygon", "coordinates": [[[-78.257021, 35.813196], [-78.182182, 35.938758], [-78.006551, 36.202633], [-77.997128, 36.198693], [-77.991576, 36.185056], [-77.98765, 36.189532], [-77.983042, 36.186651], [-77.98457, 36.182395], [-77.977663, 36.175259], [-77.971393, 36.178023], [-77.969018, 36.18385], [-77.973345, 36.194178], [-77.968089, 36.194504], [-77.951087, 36.180575], [-77.944286, 36.182276], [-77.943774, 36.192625], [-77.931817, 36.182564], [-77.926093, 36.183168], [-77.923754, 36.188807], [-77.917775, 36.179615], [-77.923032, 36.166897], [-77.900739, 36.162697], [-77.901385, 36.156673], [-77.892354, 36.151179], [-77.887876, 36.143966], [-77.884231, 36.147298], [-77.879413, 36.143299], [-77.861858, 36.1491], [-77.855599, 36.14595], [-77.821892, 36.144777], [-77.808774, 36.138238], [-77.803937, 36.149742], [-77.799263, 36.144476], [-77.774005, 36.142553], [-77.771987, 36.147095], [-77.757527, 36.14878], [-77.750068, 36.157468], [-77.745694, 36.153013], [-77.741905, 36.155112], [-77.731858, 36.147411], [-77.729254, 36.148687], [-77.731528, 36.139317], [-77.721332, 36.133795], [-77.71642, 36.137137], [-77.721149, 36.141923], [-77.716763, 36.145785], [-77.70646, 36.146785], [-77.704924, 36.150913], [-77.697956, 36.15315], [-77.703187, 36.146312], [-77.708522, 36.112106], [-77.741924, 36.06112], [-77.771789, 36.0067], [-77.777751, 35.984635], [-77.818604, 35.886402], [-77.844737, 35.837618], [-77.853453, 35.843983], [-77.873867, 35.849731], [-77.897358, 35.843853], [-78.147209, 35.745769], [-78.181972, 35.737956], [-78.197346, 35.727856], [-78.204098, 35.728112], [-78.215472, 35.735837], [-78.213113, 35.744955], [-78.218829, 35.754874], [-78.22682, 35.750511], [-78.232739, 35.751326], [-78.238273, 35.767142], [-78.250647, 35.77327], [-78.243876, 35.791949], [-78.250905, 35.798264], [-78.251399, 35.810932], [-78.257021, 35.813196]]]}}, {"id": "684", "type": "Feature", "properties": {"GEOID": "37087", "NAME": "Haywood"}, "geometry": {"type": "Polygon", "coordinates": [[[-83.25561, 35.696061], [-83.255351, 35.71623], [-83.240669, 35.72676], [-83.214501, 35.724434], [-83.185685, 35.72989], [-83.177499, 35.743913], [-83.170173, 35.746107], [-83.16477, 35.754618], [-83.164909, 35.759965], [-83.159208, 35.764892], [-83.127707, 35.768093], [-83.120183, 35.766234], [-83.097193, 35.776067], [-83.078732, 35.789472], [-83.063975, 35.786643], [-83.052677, 35.789548], [-83.044108, 35.785347], [-83.036209, 35.787405], [-82.995803, 35.773128], [-82.98397, 35.77801], [-82.969648, 35.789663], [-82.960018, 35.790659], [-82.949991, 35.774487], [-82.952688, 35.759097], [-82.956901, 35.757254], [-82.957072, 35.7467], [-82.947879, 35.738945], [-82.936133, 35.744836], [-82.91765, 35.744808], [-82.907744, 35.727994], [-82.906717, 35.720235], [-82.910409, 35.716184], [-82.898578, 35.70347], [-82.901071, 35.684929], [-82.883909, 35.678235], [-82.888107, 35.673009], [-82.878163, 35.667756], [-82.878042, 35.662526], [-82.872194, 35.657558], [-82.874642, 35.651829], [-82.864934, 35.634671], [-82.851687, 35.635291], [-82.851668, 35.617272], [-82.84609, 35.614309], [-82.836513, 35.621193], [-82.82899, 35.620201], [-82.812081, 35.627485], [-82.799348, 35.59808], [-82.780983, 35.588793], [-82.777177, 35.582409], [-82.778227, 35.577654], [-82.77055, 35.575932], [-82.765921, 35.56758], [-82.777524, 35.555619], [-82.77145, 35.550594], [-82.765948, 35.539001], [-82.779203, 35.527666], [-82.778063, 35.519652], [-82.78459, 35.508597], [-82.782447, 35.504294], [-82.799411, 35.470638], [-82.794407, 35.469274], [-82.794897, 35.466102], [-82.786483, 35.457416], [-82.781691, 35.439542], [-82.755584, 35.425053], [-82.745139, 35.422967], [-82.749436, 35.413356], [-82.74562, 35.407345], [-82.77368, 35.393878], [-82.782182, 35.383257], [-82.78777, 35.380994], [-82.791582, 35.367421], [-82.795811, 35.364726], [-82.803197, 35.350179], [-82.814707, 35.344392], [-82.815075, 35.336078], [-82.82302, 35.331938], [-82.824751, 35.324637], [-82.831628, 35.31859], [-82.876429, 35.314581], [-82.885007, 35.308044], [-82.899458, 35.305467], [-82.913168, 35.298174], [-82.917957, 35.291607], [-82.922717, 35.294151], [-82.927321, 35.302802], [-82.950871, 35.306962], [-82.955185, 35.316386], [-82.964725, 35.315289], [-82.964852, 35.333426], [-82.972086, 35.342962], [-82.977372, 35.343673], [-82.976547, 35.349568], [-82.986248, 35.355892], [-82.990358, 35.367616], [-83.006568, 35.377327], [-83.025007, 35.380316], [-83.030218, 35.387477], [-83.043724, 35.394395], [-83.044365, 35.415097], [-83.056281, 35.425975], [-83.063927, 35.426129], [-83.080089, 35.434749], [-83.079473, 35.447565], [-83.089988, 35.448375], [-83.091435, 35.457531], [-83.109149, 35.464116], [-83.1377, 35.464369], [-83.136453, 35.479179], [-83.14042, 35.484099], [-83.1382, 35.490788], [-83.161108, 35.496192], [-83.159997, 35.501986], [-83.163711, 35.509192], [-83.185729, 35.511654], [-83.186322, 35.514368], [-83.173983, 35.521681], [-83.16995, 35.531037], [-83.1713, 35.537877], [-83.165049, 35.538859], [-83.164604, 35.545233], [-83.156037, 35.553928], [-83.163342, 35.564669], [-83.162172, 35.568515], [-83.166964, 35.57869], [-83.183602, 35.586734], [-83.185372, 35.59937], [-83.17598, 35.61245], [-83.181633, 35.618687], [-83.176194, 35.627726], [-83.177098, 35.631955], [-83.187514, 35.64082], [-83.199965, 35.641215], [-83.202416, 35.644786], [-83.203157, 35.648714], [-83.195795, 35.655532], [-83.195096, 35.66023], [-83.181977, 35.671327], [-83.189355, 35.673547], [-83.191975, 35.67787], [-83.207373, 35.681363], [-83.21513, 35.692337], [-83.25561, 35.696061]]]}}, {"id": "685", "type": "Feature", "properties": {"GEOID": "37021", "NAME": "Buncombe"}, "geometry": {"type": "Polygon", "coordinates": [[[-82.888107, 35.673009], [-82.871101, 35.688925], [-82.856916, 35.693541], [-82.85408, 35.699452], [-82.849216, 35.701495], [-82.842379, 35.699271], [-82.839149, 35.693717], [-82.823978, 35.688398], [-82.80468, 35.686176], [-82.797751, 35.689204], [-82.792759, 35.696653], [-82.775496, 35.699975], [-82.768929, 35.698442], [-82.754039, 35.703521], [-82.74998, 35.706458], [-82.751755, 35.710492], [-82.749164, 35.712536], [-82.733409, 35.713855], [-82.736526, 35.71655], [-82.731146, 35.722248], [-82.720507, 35.715553], [-82.713764, 35.717824], [-82.708895, 35.72553], [-82.71349, 35.726894], [-82.710349, 35.728342], [-82.711862, 35.733038], [-82.694719, 35.735033], [-82.68526, 35.726964], [-82.669774, 35.725771], [-82.669248, 35.729767], [-82.67703, 35.734854], [-82.668691, 35.73469], [-82.667701, 35.73778], [-82.539881, 35.791687], [-82.535687, 35.791067], [-82.514652, 35.803243], [-82.475798, 35.798328], [-82.465159, 35.801796], [-82.464111, 35.809292], [-82.435806, 35.808566], [-82.427365, 35.813766], [-82.41788, 35.813359], [-82.382045, 35.823965], [-82.373696, 35.817894], [-82.362073, 35.821262], [-82.348864, 35.81168], [-82.344933, 35.804239], [-82.338295, 35.801717], [-82.338299, 35.796149], [-82.346337, 35.787245], [-82.343751, 35.775696], [-82.33773, 35.768157], [-82.334675, 35.748805], [-82.326446, 35.747132], [-82.313065, 35.733603], [-82.291297, 35.72993], [-82.275944, 35.714406], [-82.275399, 35.704438], [-82.288726, 35.696291], [-82.294907, 35.683856], [-82.284031, 35.67644], [-82.281118, 35.670212], [-82.286543, 35.658129], [-82.28543, 35.647902], [-82.281785, 35.639284], [-82.270795, 35.631652], [-82.274129, 35.628597], [-82.272742, 35.621972], [-82.264524, 35.617482], [-82.265368, 35.613503], [-82.280432, 35.608759], [-82.282337, 35.603023], [-82.291934, 35.594962], [-82.291026, 35.591322], [-82.251251, 35.559943], [-82.219981, 35.553141], [-82.169049, 35.527811], [-82.233203, 35.519402], [-82.233335, 35.509629], [-82.224336, 35.498269], [-82.2425, 35.467838], [-82.251437, 35.460685], [-82.332822, 35.50022], [-82.337881, 35.498494], [-82.341003, 35.488886], [-82.356278, 35.490711], [-82.361495, 35.485103], [-82.369323, 35.485518], [-82.370682, 35.472016], [-82.363133, 35.46096], [-82.382208, 35.464056], [-82.388243, 35.469982], [-82.40188, 35.469827], [-82.407471, 35.473619], [-82.417753, 35.474413], [-82.434978, 35.462868], [-82.44588, 35.460678], [-82.45402, 35.455222], [-82.456127, 35.44965], [-82.461568, 35.450769], [-82.470557, 35.445174], [-82.53394, 35.444428], [-82.535451, 35.43633], [-82.529054, 35.436107], [-82.52983, 35.42293], [-82.535456, 35.42238], [-82.533228, 35.41645], [-82.535936, 35.422236], [-82.54695, 35.425159], [-82.542279, 35.43128], [-82.546422, 35.440556], [-82.549357, 35.440598], [-82.548825, 35.444305], [-82.561188, 35.443179], [-82.56184, 35.4377], [-82.567939, 35.437916], [-82.570479, 35.431102], [-82.587031, 35.438126], [-82.595014, 35.435705], [-82.608738, 35.443277], [-82.618078, 35.44023], [-82.621399, 35.435884], [-82.641964, 35.444292], [-82.653038, 35.455031], [-82.660606, 35.452776], [-82.673234, 35.459487], [-82.680213, 35.454022], [-82.703349, 35.453599], [-82.715768, 35.447808], [-82.74289, 35.42415], [-82.755584, 35.425053], [-82.781691, 35.439542], [-82.786483, 35.457416], [-82.794897, 35.466102], [-82.794407, 35.469274], [-82.799493, 35.471227], [-82.782447, 35.504294], [-82.78459, 35.508597], [-82.778063, 35.519652], [-82.779203, 35.527666], [-82.765948, 35.539001], [-82.77145, 35.550594], [-82.777524, 35.555619], [-82.765921, 35.56758], [-82.77055, 35.575932], [-82.778227, 35.577654], [-82.777177, 35.582409], [-82.780983, 35.588793], [-82.799348, 35.59808], [-82.812081, 35.627485], [-82.82899, 35.620201], [-82.836513, 35.621193], [-82.84609, 35.614309], [-82.851668, 35.617272], [-82.851687, 35.635291], [-82.864934, 35.634671], [-82.874642, 35.651829], [-82.872194, 35.657558], [-82.878042, 35.662526], [-82.878163, 35.667756], [-82.888107, 35.673009]]]}}, {"id": "686", "type": "Feature", "properties": {"GEOID": "37163", "NAME": "Sampson"}, "geometry": {"type": "Polygon", "coordinates": [[[-78.671326, 35.082408], [-78.670716, 35.092469], [-78.658238, 35.094466], [-78.65773, 35.101396], [-78.651993, 35.103536], [-78.653809, 35.111416], [-78.643219, 35.113107], [-78.639009, 35.116994], [-78.641369, 35.121104], [-78.650524, 35.117999], [-78.651928, 35.121782], [-78.64271, 35.128324], [-78.634717, 35.13936], [-78.637615, 35.144406], [-78.636019, 35.150766], [-78.639902, 35.154865], [-78.632726, 35.158294], [-78.63282, 35.164179], [-78.638916, 35.167015], [-78.629852, 35.172346], [-78.640041, 35.185928], [-78.635717, 35.191685], [-78.646446, 35.198569], [-78.642709, 35.200913], [-78.637313, 35.197867], [-78.624376, 35.203983], [-78.633188, 35.213719], [-78.619501, 35.226927], [-78.615594, 35.237804], [-78.617114, 35.245718], [-78.5998, 35.258716], [-78.599523, 35.264029], [-78.584639, 35.273312], [-78.583451, 35.296779], [-78.576293, 35.295968], [-78.570366, 35.302049], [-78.55756, 35.304797], [-78.55974, 35.305863], [-78.5555, 35.309553], [-78.538349, 35.31641], [-78.49193, 35.263342], [-78.411792, 35.254672], [-78.397725, 35.26296], [-78.30658, 35.287604], [-78.246217, 35.225996], [-78.161845, 35.204323], [-78.164628, 35.169057], [-78.163013, 35.137266], [-78.170714, 35.114874], [-78.171845, 35.093528], [-78.159833, 35.079809], [-78.147129, 34.902506], [-78.198642, 34.741637], [-78.150553, 34.721964], [-78.13522, 34.710214], [-78.123801, 34.713887], [-78.114007, 34.721795], [-78.113472, 34.707219], [-78.156481, 34.679095], [-78.254441, 34.553595], [-78.260124, 34.556583], [-78.251728, 34.562021], [-78.255056, 34.568917], [-78.261869, 34.571043], [-78.260673, 34.574503], [-78.266252, 34.583956], [-78.275019, 34.581445], [-78.279841, 34.591103], [-78.287956, 34.594299], [-78.289027, 34.598075], [-78.292651, 34.597126], [-78.291208, 34.600488], [-78.30324, 34.600531], [-78.304854, 34.611077], [-78.312246, 34.612699], [-78.313116, 34.625883], [-78.322111, 34.628547], [-78.31399, 34.633133], [-78.316937, 34.635741], [-78.311562, 34.641564], [-78.324562, 34.649709], [-78.322647, 34.653705], [-78.326375, 34.65578], [-78.327115, 34.664032], [-78.323538, 34.665662], [-78.324991, 34.668822], [-78.346898, 34.680177], [-78.344399, 34.683409], [-78.346721, 34.690187], [-78.350375, 34.689158], [-78.349262, 34.691904], [-78.362062, 34.691431], [-78.362515, 34.695528], [-78.366729, 34.693126], [-78.373405, 34.699208], [-78.373581, 34.701486], [-78.369605, 34.70023], [-78.371707, 34.702425], [-78.368624, 34.704309], [-78.382323, 34.717279], [-78.37935, 34.723355], [-78.391911, 34.729577], [-78.39292, 34.732577], [-78.387711, 34.737516], [-78.392788, 34.74213], [-78.390748, 34.749463], [-78.398784, 34.750104], [-78.402812, 34.756292], [-78.407483, 34.757514], [-78.405828, 34.759309], [-78.409806, 34.765226], [-78.420054, 34.76585], [-78.42446, 34.769872], [-78.423817, 34.773114], [-78.430287, 34.776527], [-78.429698, 34.78205], [-78.438719, 34.785811], [-78.437434, 34.792136], [-78.444764, 34.797652], [-78.441546, 34.801306], [-78.44944, 34.807835], [-78.449756, 34.813507], [-78.459182, 34.812742], [-78.458822, 34.819773], [-78.460705, 34.822191], [-78.465575, 34.820931], [-78.465826, 34.827643], [-78.482213, 34.836796], [-78.487663, 34.836345], [-78.489568, 34.842568], [-78.49358, 34.843138], [-78.495216, 34.859141], [-78.513107, 34.869088], [-78.515093, 34.875095], [-78.512699, 34.880596], [-78.525619, 34.884799], [-78.526507, 34.890972], [-78.546861, 34.90062], [-78.541918, 34.908293], [-78.54347, 34.913809], [-78.562287, 34.918031], [-78.563512, 34.923814], [-78.572395, 34.929585], [-78.572683, 34.937364], [-78.583919, 34.938647], [-78.59716, 34.951294], [-78.607536, 34.953613], [-78.610829, 34.960361], [-78.637486, 34.981808], [-78.634589, 34.985655], [-78.636598, 34.987977], [-78.647033, 34.992254], [-78.64503, 35.010117], [-78.652924, 35.02108], [-78.649647, 35.026477], [-78.65933, 35.042831], [-78.654531, 35.050812], [-78.664079, 35.06727], [-78.662955, 35.077962], [-78.671326, 35.082408]]]}}, {"id": "687", "type": "Feature", "properties": {"GEOID": "37177", "NAME": "Tyrrell"}, "geometry": {"type": "Polygon", "coordinates": [[[-76.405603, 35.786294], [-76.353554, 35.861301], [-76.360222, 35.87557], [-76.369646, 35.883233], [-76.380009, 35.914666], [-76.3662209340871, 35.9347578498101], [-76.353442, 35.938423], [-76.353442, 35.940732], [-76.325396, 35.938615], [-76.313512, 35.948814], [-76.282596, 35.967533], [-76.274295, 35.968245], [-76.27168, 35.972285], [-76.205393, 35.987562], [-76.180649, 35.988056], [-76.170524, 35.994523], [-76.148324, 35.994787], [-76.132638, 35.989402], [-76.062522, 35.990749], [-76.024969, 35.969784], [-76.011421, 35.954201], [-76.015163, 35.95319], [-76.020453, 35.932457], [-76.012847, 35.921872], [-76.028534, 35.910707], [-76.027549, 35.904716], [-76.04018, 35.894728], [-76.045409, 35.884522], [-76.046018, 35.870275], [-76.058244, 35.862374], [-76.063204, 35.853433], [-76.063473, 35.824033], [-76.050486, 35.806689], [-76.055867, 35.760219], [-76.048974, 35.745559], [-76.048311, 35.73708], [-76.05658, 35.71932], [-76.060858, 35.716811], [-76.060145, 35.708706], [-76.054916, 35.702723], [-76.050638, 35.704653], [-76.043508, 35.700406], [-76.041369, 35.692878], [-76.036377, 35.688439], [-76.0451300309847, 35.6655789841811], [-76.061095, 35.675222], [-76.073393, 35.671817], [-76.083883, 35.675048], [-76.096682, 35.669581], [-76.103285, 35.677863], [-76.120211, 35.680593], [-76.118268, 35.691908], [-76.130072, 35.690779], [-76.141555, 35.70277], [-76.161582, 35.696162], [-76.169553, 35.698618], [-76.172964, 35.696066], [-76.166874, 35.691426], [-76.175861, 35.690698], [-76.176558, 35.686244], [-76.171881, 35.681974], [-76.175492, 35.678601], [-76.169503, 35.672514], [-76.175905, 35.672069], [-76.17551, 35.665095], [-76.181116, 35.666917], [-76.177748, 35.655176], [-76.193626, 35.644995], [-76.194346, 35.635711], [-76.198754, 35.634029], [-76.194801, 35.630905], [-76.196456, 35.623238], [-76.199454, 35.622128], [-76.195848, 35.620119], [-76.199912, 35.618979], [-76.198155, 35.617041], [-76.201517, 35.615204], [-76.202225, 35.609732], [-76.206421, 35.611263], [-76.205836, 35.60705], [-76.213704, 35.598408], [-76.246671, 35.602523], [-76.253007, 35.606045], [-76.265358, 35.603257], [-76.269711, 35.607978], [-76.285839, 35.604464], [-76.292783, 35.60637], [-76.297853, 35.609027], [-76.269247, 35.690754], [-76.405971, 35.697579], [-76.405603, 35.786294]]]}}, {"id": "734", "type": "Feature", "properties": {"GEOID": "37039", "NAME": "Cherokee"}, "geometry": {"type": "Polygon", "coordinates": [[[-84.321869, 34.988408], [-84.29024, 35.225572], [-84.28322, 35.226577], [-84.27542, 35.234777], [-84.243019, 35.253178], [-84.227818, 35.267878], [-84.211818, 35.266078], [-84.202879, 35.255772], [-84.200117, 35.244679], [-84.188417, 35.239979], [-84.178516, 35.240679], [-84.170416, 35.245779], [-84.161316, 35.24348], [-84.143124, 35.246879], [-84.127915, 35.241081], [-84.125615, 35.249381], [-84.120114, 35.251981], [-84.113314, 35.248981], [-84.1067, 35.25151], [-84.098068, 35.247209], [-84.081117, 35.261146], [-84.055712, 35.268182], [-84.042711, 35.278383], [-84.036011, 35.288683], [-84.0290849697824, 35.2921883356242], [-84.016523, 35.276281], [-84.009757, 35.273241], [-84.011015, 35.257164], [-84.001786, 35.252721], [-84.006416, 35.241688], [-84.001353, 35.233509], [-83.986227, 35.230841], [-83.977325, 35.225534], [-83.976343, 35.221527], [-83.959036, 35.216912], [-83.957323, 35.220372], [-83.934446, 35.222988], [-83.901268, 35.238427], [-83.8933, 35.233235], [-83.887709, 35.234926], [-83.873205, 35.244212], [-83.851038, 35.249472], [-83.84515, 35.255236], [-83.831429, 35.256117], [-83.822115, 35.250325], [-83.813489, 35.254748], [-83.809031, 35.252468], [-83.795159, 35.257463], [-83.773292, 35.245785], [-83.760003, 35.247036], [-83.756608, 35.242484], [-83.734314, 35.244989], [-83.713144, 35.257689], [-83.708352, 35.257299], [-83.704188, 35.24902], [-83.691833, 35.242903], [-83.690472, 35.234813], [-83.693925, 35.228553], [-83.709989, 35.218941], [-83.712908, 35.213291], [-83.722651, 35.209758], [-83.728894, 35.200503], [-83.719804, 35.196836], [-83.716272, 35.199724], [-83.711374, 35.195525], [-83.711878, 35.190354], [-83.731535, 35.178579], [-83.730737, 35.171433], [-83.738129, 35.15595], [-83.745961, 35.160802], [-83.752743, 35.160836], [-83.756132, 35.157222], [-83.772941, 35.155858], [-83.778005, 35.150104], [-83.794627, 35.148099], [-83.797119, 35.144923], [-83.816561, 35.139223], [-83.840733, 35.143841], [-83.857124, 35.137066], [-83.865514, 35.127342], [-83.864025, 35.120058], [-83.905265, 35.08662], [-83.907671, 35.078219], [-83.922679, 35.074075], [-83.927411, 35.066743], [-83.932371, 35.069395], [-83.943504, 35.056067], [-83.956725, 35.054187], [-83.964019, 35.048077], [-83.966059, 35.044119], [-83.958406, 35.038886], [-83.960714, 35.030874], [-83.956443, 35.026409], [-83.979847, 35.005867], [-84.002712, 34.99602], [-84.0052593484451, 34.9874404516631], [-84.321869, 34.988408]]]}}, {"id": "735", "type": "Feature", "properties": {"GEOID": "37091", "NAME": "Hertford"}, "geometry": {"type": "Polygon", "coordinates": [[[-77.208606, 36.246838], [-77.131348, 36.437826], [-77.136546, 36.447526], [-77.13679, 36.456147], [-77.126529, 36.463961], [-77.122959, 36.471218], [-77.114585, 36.47389], [-77.112444, 36.477663], [-77.108143, 36.475769], [-77.09965, 36.479023], [-77.093621, 36.472326], [-77.085067, 36.475339], [-77.083807, 36.472324], [-77.079732, 36.478886], [-77.074813, 36.478169], [-77.07513, 36.480798], [-77.066443, 36.482914], [-77.069632, 36.494094], [-77.066452, 36.496968], [-77.074222, 36.499401], [-77.074209, 36.4966], [-77.079733, 36.49636], [-77.085432, 36.499961], [-77.085339, 36.504895], [-77.08087, 36.507599], [-77.082864, 36.50701], [-77.083427, 36.513201], [-77.09246, 36.518034], [-77.099055, 36.51702], [-77.10305, 36.521005], [-77.103517, 36.516619], [-77.114421, 36.518295], [-77.11888, 36.52318], [-77.121618, 36.519123], [-77.127194, 36.518131], [-77.131497, 36.522465], [-77.148354, 36.525031], [-77.152553, 36.529781], [-77.148685, 36.534142], [-77.153289, 36.537808], [-77.150971, 36.540528], [-77.15794, 36.54055], [-77.164370064468, 36.5463052210333], [-77.152691, 36.544078], [-76.914029, 36.543189], [-76.916383, 36.538725], [-76.921464, 36.538449], [-76.920008, 36.532339], [-76.924991, 36.530744], [-76.922154, 36.528787], [-76.916618, 36.530883], [-76.905063, 36.522567], [-76.903135, 36.519096], [-76.906462, 36.510692], [-76.913344, 36.504114], [-76.919357, 36.505403], [-76.925261, 36.488262], [-76.934523, 36.484696], [-76.934362, 36.471269], [-76.95045, 36.471023], [-76.946755, 36.464683], [-76.94893, 36.455964], [-76.945304, 36.442346], [-76.94706, 36.415404], [-76.943202, 36.409481], [-76.930017, 36.399928], [-76.907887, 36.390732], [-76.893605, 36.390128], [-76.882244, 36.382861], [-76.83917, 36.374404], [-76.822691, 36.364447], [-76.794617, 36.359703], [-76.779467, 36.362469], [-76.768545, 36.353747], [-76.758492, 36.350226], [-76.737578, 36.326082], [-76.71331, 36.305579], [-76.697495, 36.297836], [-76.6937993269796, 36.282208177701], [-76.701405, 36.283666], [-76.697757, 36.271663], [-76.705683, 36.266038], [-76.708969, 36.254992], [-76.7222258244781, 36.2438064387976], [-76.903383, 36.242986], [-76.971399, 36.23813], [-76.985808, 36.242102], [-77.008384, 36.239113], [-77.183144, 36.242825], [-77.208606, 36.246838]]]}}, {"id": "736", "type": "Feature", "properties": {"GEOID": "37121", "NAME": "Mitchell"}, "geometry": {"type": "Polygon", "coordinates": [[[-82.4166602889165, 36.0727743702715], [-82.404458, 36.087609], [-82.355157, 36.115609], [-82.336756, 36.114909], [-82.321448, 36.119551], [-82.302855, 36.13131], [-82.289455, 36.13571], [-82.280354, 36.12881], [-82.26875, 36.12704], [-82.260353, 36.13371], [-82.247521, 36.130865], [-82.224852, 36.150011], [-82.222052, 36.156911], [-82.213852, 36.159112], [-82.204872, 36.157067], [-82.19195, 36.148813], [-82.187509, 36.151098], [-82.18365, 36.144414], [-82.176849, 36.142214], [-82.172149, 36.146414], [-82.147948, 36.149516], [-82.136547, 36.128817], [-82.137974, 36.119576], [-82.130646, 36.106417], [-82.115245, 36.104618], [-82.105444, 36.108119], [-82.080944957901, 36.1057614805811], [-82.081004, 36.100939], [-82.075823, 36.095728], [-82.076845, 36.085073], [-82.069781, 36.076897], [-82.071934, 36.069874], [-82.039175, 36.007774], [-82.049298, 36.007927], [-82.048803, 36.001968], [-82.055113, 35.999476], [-82.059039, 35.991001], [-82.048433, 35.964046], [-82.034104, 35.942057], [-81.981954, 35.911361], [-81.979036, 35.901447], [-81.980168, 35.885046], [-81.997269, 35.874035], [-82.003149, 35.875571], [-82.007816, 35.882826], [-82.022591, 35.884912], [-82.028455, 35.879449], [-82.029841, 35.867477], [-82.033962, 35.86219], [-82.048039, 35.853229], [-82.074951, 35.848256], [-82.099405, 35.851671], [-82.102296, 35.840339], [-82.117246, 35.832593], [-82.121194, 35.824617], [-82.148317, 35.822728], [-82.143607, 35.826883], [-82.150079, 35.841489], [-82.143775, 35.843859], [-82.14204, 35.841682], [-82.138798, 35.845566], [-82.142665, 35.849002], [-82.141344, 35.858031], [-82.146189, 35.86344], [-82.144799, 35.880411], [-82.146386, 35.888811], [-82.149939, 35.891191], [-82.1447, 35.896522], [-82.146904, 35.906187], [-82.144709, 35.903943], [-82.142701, 35.906266], [-82.144638, 35.913586], [-82.147151, 35.911603], [-82.150102, 35.916546], [-82.154804, 35.914771], [-82.15501, 35.920843], [-82.150245, 35.924383], [-82.152719, 35.928302], [-82.145199, 35.930899], [-82.155389, 35.933427], [-82.160378, 35.930421], [-82.165355, 35.934332], [-82.169724, 35.928617], [-82.183991, 35.938079], [-82.184213, 35.942397], [-82.197707, 35.952343], [-82.192751, 35.959483], [-82.186274, 35.958794], [-82.193676, 35.966604], [-82.191705, 35.990636], [-82.197712, 35.992986], [-82.20412, 36.003603], [-82.20041, 36.006107], [-82.193844, 36.000727], [-82.196979, 36.014518], [-82.214192, 36.01706], [-82.233302, 36.013535], [-82.237677, 36.009173], [-82.236746, 36.004881], [-82.252115, 36.008683], [-82.253966, 36.005321], [-82.249314, 35.992045], [-82.251967, 35.98913], [-82.261666, 35.998955], [-82.27332, 36.002935], [-82.272897, 36.010769], [-82.26807, 36.016625], [-82.291069, 36.029616], [-82.300787, 36.045816], [-82.312262, 36.03762], [-82.312435, 36.026104], [-82.338201, 36.030088], [-82.339977, 36.03472], [-82.336385, 36.052437], [-82.34529, 36.076459], [-82.351958, 36.084519], [-82.360089, 36.078206], [-82.371278, 36.07616], [-82.376574, 36.070855], [-82.397254, 36.081736], [-82.402664, 36.078754], [-82.399824, 36.071367], [-82.4166602889165, 36.0727743702715]]]}}, {"id": "866", "type": "Feature", "properties": {"GEOID": "37055", "NAME": "Dare"}, "geometry": {"type": "MultiPolygon", "coordinates": [[[[-75.726807, 35.935844], [-75.718266, 35.939714], [-75.69115, 35.936932], [-75.65954, 35.919564], [-75.662938, 35.916166], [-75.662019, 35.906522], [-75.64512, 35.905788], [-75.62767, 35.883149], [-75.616833, 35.856331], [-75.619772, 35.847606], [-75.614361, 35.815659], [-75.620454, 35.809253], [-75.63898, 35.818639], [-75.667891, 35.82354], [-75.675054, 35.830204], [-75.660086, 35.83861], [-75.663356, 35.869835], [-75.67283, 35.882423], [-75.681415, 35.88398], [-75.697672, 35.901639], [-75.696871, 35.909556], [-75.702165, 35.915428], [-75.723782, 35.925569], [-75.726807, 35.935844]]], [[[-75.734381, 35.197995], [-75.715896, 35.203552], [-75.700635, 35.211449], [-75.698853, 35.218202], [-75.681027, 35.233347], [-75.677224, 35.219368], [-75.668193, 35.218979], [-75.641335, 35.228687], [-75.618755, 35.246935], [-75.597602, 35.257028], [-75.595463, 35.269255], [-75.579776, 35.263045], [-75.537944, 35.272941], [-75.523921, 35.269643], [-75.521782, 35.271777], [-75.52297, 35.276628], [-75.515127, 35.300879], [-75.516791, 35.310577], [-75.513938, 35.32202], [-75.517028, 35.336563], [-75.513701, 35.356919], [-75.500866, 35.372037], [-75.495162, 35.38909], [-75.497063, 35.398584], [-75.49231, 35.414276], [-75.483278, 35.484947], [-75.488031, 35.511264], [-75.48613, 35.522678], [-75.48304, 35.529642], [-75.476147, 35.534284], [-75.468709, 35.573991], [-75.471394, 35.62166], [-75.495875, 35.673036], [-75.499202, 35.69794], [-75.510473, 35.71364], [-75.507533, 35.716961], [-75.512196, 35.719294], [-75.510355, 35.727198], [-75.513534, 35.729829], [-75.510588, 35.732576], [-75.517504, 35.735956], [-75.51956, 35.744317], [-75.516916, 35.75237], [-75.521416, 35.754001], [-75.528912, 35.771447], [-75.523446, 35.773568], [-75.504669, 35.744251], [-75.485892, 35.698519], [-75.475197, 35.661644], [-75.460621, 35.576975], [-75.461934, 35.557483], [-75.479237, 35.483399], [-75.485798, 35.400737], [-75.527818, 35.227657], [-75.558145, 35.234252], [-75.602238, 35.232636], [-75.649178, 35.222474], [-75.720432, 35.198581], [-75.731647, 35.196474], [-75.734381, 35.197995]]], [[[-75.7954371734599, 36.2271111216711], [-75.7733304063891, 36.2315283206094], [-75.718311, 36.113674], [-75.658538, 36.02043], [-75.569795, 35.863301], [-75.536857, 35.788884], [-75.542056, 35.788225], [-75.545809, 35.7937], [-75.563062, 35.799265], [-75.563087, 35.806281], [-75.570477, 35.808826], [-75.569337, 35.81484], [-75.575992, 35.823089], [-75.570477, 35.82833], [-75.571381, 35.831105], [-75.588879, 35.844926], [-75.602184, 35.874412], [-75.62291, 35.892321], [-75.621288, 35.900777], [-75.612214, 35.905259], [-75.615399, 35.926433], [-75.644539, 35.964417], [-75.667071, 35.971381], [-75.667974, 35.979998], [-75.682294, 35.995845], [-75.696911, 35.99421], [-75.71141, 36.003248], [-75.727572, 36.00344], [-75.72983, 36.007285], [-75.727085, 36.01051], [-75.727334, 36.021993], [-75.710578, 36.025645], [-75.711053, 36.0317], [-75.706418, 36.039196], [-75.715213, 36.048324], [-75.737089, 36.040784], [-75.741407, 36.056372], [-75.739721, 36.07527], [-75.742665, 36.092415], [-75.751934, 36.122371], [-75.75134, 36.126978], [-75.745279, 36.131489], [-75.745873, 36.144062], [-75.757349, 36.166876], [-75.757757, 36.178027], [-75.772375, 36.217539], [-75.782119, 36.220799], [-75.785566, 36.216964], [-75.7954371734599, 36.2271111216711]]], [[[-76.013022, 35.670065], [-76.005954, 35.67782], [-76.004528, 35.690176], [-75.999775, 35.694037], [-76.001201, 35.725301], [-75.990505, 35.742087], [-75.989035, 35.757124], [-75.982899, 35.772561], [-75.985738, 35.782679], [-75.98385, 35.787409], [-75.99003, 35.796277], [-75.994118, 35.812532], [-75.976007, 35.838485], [-75.988128, 35.861796], [-75.987967, 35.865258], [-75.983137, 35.866034], [-75.980523, 35.870271], [-75.986053, 35.888993], [-75.977831, 35.897181], [-75.962563, 35.901393], [-75.947821, 35.920347], [-75.931323, 35.926876], [-75.921578, 35.935921], [-75.947294, 35.959835], [-75.910385, 35.973588], [-75.870947, 35.978555], [-75.836284, 35.970501], [-75.809351, 35.959308], [-75.805139, 35.954043], [-75.80559, 35.94612], [-75.782499, 35.93342], [-75.782298, 35.919562], [-75.778013, 35.91379], [-75.768037, 35.911862], [-75.770176, 35.905124], [-75.764234, 35.892417], [-75.749498, 35.884137], [-75.753015, 35.871382], [-75.748547, 35.862567], [-75.751875, 35.851008], [-75.734762, 35.837329], [-75.728022, 35.824513], [-75.733573, 35.821142], [-75.730246, 35.805916], [-75.736425, 35.799169], [-75.735237, 35.780467], [-75.742367, 35.774875], [-75.735475, 35.763883], [-75.738565, 35.749417], [-75.726205, 35.739193], [-75.729533, 35.730318], [-75.72573, 35.714495], [-75.718124, 35.708899], [-75.717173, 35.693651], [-75.73286, 35.681489], [-75.738135, 35.682024], [-75.738089, 35.694616], [-75.742605, 35.699634], [-75.757817, 35.706004], [-75.767324, 35.705618], [-75.78083, 35.688421], [-75.78042, 35.684106], [-75.766451, 35.677064], [-75.769811, 35.665467], [-75.76491, 35.656361], [-75.754219, 35.648357], [-75.743479, 35.649247], [-75.739918, 35.644617], [-75.734912, 35.630173], [-75.736071, 35.625499], [-75.748732, 35.618493], [-75.752168, 35.607987], [-75.785101, 35.595547], [-75.784392, 35.58881], [-75.777973, 35.579761], [-75.833395, 35.571533], [-75.812, 35.5833], [-75.813525, 35.591717], [-75.817199, 35.59522], [-75.819045, 35.590877], [-75.830486, 35.592943], [-75.837566, 35.58749], [-75.852809, 35.584678], [-75.856873, 35.587721], [-75.855217, 35.593621], [-75.865352, 35.604467], [-75.863112, 35.609423], [-75.868612, 35.607615], [-75.871845, 35.610627], [-75.868799, 35.629924], [-75.876821, 35.635276], [-75.881794, 35.634352], [-75.892191, 35.643757], [-75.890496, 35.652259], [-75.901342, 35.668952], [-76.013022, 35.670065]]]]}}, {"id": "867", "type": "Feature", "properties": {"GEOID": "37015", "NAME": "Bertie"}, "geometry": {"type": "Polygon", "coordinates": [[[-77.327622, 36.076241], [-77.321094, 36.077937], [-77.313225, 36.089167], [-77.292261, 36.091471], [-77.270807, 36.099773], [-77.24207, 36.097343], [-77.230583, 36.10434], [-77.232094, 36.109942], [-77.251468, 36.115051], [-77.25072, 36.117695], [-77.239704, 36.120275], [-77.254621, 36.122811], [-77.251527, 36.135534], [-77.266143, 36.140999], [-77.267144, 36.150965], [-77.263366, 36.158941], [-77.277248, 36.15781], [-77.284707, 36.168351], [-77.298102, 36.172186], [-77.295953, 36.175752], [-77.299717, 36.181409], [-77.298896, 36.186052], [-77.294936, 36.188907], [-77.293296, 36.197386], [-77.29825, 36.207708], [-77.290876, 36.212803], [-77.269162, 36.213584], [-77.254916, 36.218474], [-77.228958, 36.214403], [-77.208468, 36.246578], [-77.183144, 36.242825], [-77.008384, 36.239113], [-76.985808, 36.242102], [-76.971399, 36.23813], [-76.903383, 36.242986], [-76.7222258244781, 36.2438064387976], [-76.725022, 36.231118], [-76.737057, 36.234795], [-76.745138, 36.215046], [-76.749892, 36.211402], [-76.750843, 36.204115], [-76.747753, 36.197402], [-76.752031, 36.192799], [-76.75417, 36.147517], [-76.749416, 36.131585], [-76.734205, 36.103938], [-76.726044, 36.096236], [-76.730877, 36.074743], [-76.725411, 36.058989], [-76.718043, 36.048036], [-76.705607, 36.04259], [-76.70806, 36.038235], [-76.703782, 36.010554], [-76.685956, 36.006324], [-76.681915, 35.989595], [-76.699979, 35.973824], [-76.719153, 35.965087], [-76.725732, 35.955213], [-76.726965, 35.942568], [-76.732773, 35.936723], [-76.728298, 35.933578], [-76.706661, 35.944874], [-76.6930493376253, 35.9424477723573], [-76.693159, 35.938151], [-76.701374, 35.92302], [-76.711061, 35.922779], [-76.719989, 35.917259], [-76.731067, 35.888425], [-76.745411, 35.870829], [-76.775538, 35.862724], [-76.791482, 35.869932], [-76.806906, 35.883946], [-76.829398, 35.886076], [-76.836314, 35.880121], [-76.83166, 35.855949], [-76.835051, 35.84958], [-76.875222, 35.813721], [-76.895486, 35.813155], [-76.897909, 35.814639], [-76.892995, 35.818712], [-76.904051, 35.824067], [-76.896204, 35.827905], [-76.894243, 35.83235], [-76.903494, 35.837436], [-76.89725, 35.849581], [-76.899837, 35.858465], [-76.893027, 35.863967], [-76.902067, 35.868218], [-76.905553, 35.877748], [-76.921344, 35.897499], [-76.940937, 35.901094], [-76.958909, 35.883354], [-76.968243, 35.882422], [-76.981089, 35.872751], [-76.986649, 35.876809], [-76.991693, 35.865088], [-77.00525, 35.858433], [-77.014964, 35.862655], [-77.035613, 35.857502], [-77.044648, 35.862076], [-77.040456, 35.868953], [-77.04546, 35.874759], [-77.03969, 35.874603], [-77.031293, 35.880705], [-77.037494, 35.890626], [-77.030599, 35.893042], [-77.022161, 35.891082], [-77.025505, 35.89571], [-77.025254, 35.902776], [-77.030613, 35.905358], [-77.026614, 35.909835], [-77.027254, 35.917787], [-77.031843, 35.917789], [-77.027544, 35.929683], [-77.037987, 35.930172], [-77.045004, 35.943911], [-77.055842, 35.944404], [-77.060936, 35.938567], [-77.070774, 35.943756], [-77.066859, 35.939077], [-77.067992, 35.936088], [-77.07541, 35.934894], [-77.080455, 35.937628], [-77.082366, 35.931645], [-77.087031, 35.932166], [-77.094005, 35.92479], [-77.102922, 35.933341], [-77.111234, 35.927521], [-77.124916, 35.926685], [-77.130876, 35.940756], [-77.140777, 35.934022], [-77.162831, 35.937666], [-77.170359, 35.929737], [-77.185816, 35.930874], [-77.197078, 35.937738], [-77.202282, 35.947418], [-77.200568, 35.950961], [-77.194215, 35.949717], [-77.199031, 35.954973], [-77.197945, 35.957578], [-77.188858, 35.956725], [-77.197557, 35.961893], [-77.190828, 35.96084], [-77.196448, 35.967582], [-77.190268, 35.973678], [-77.196586, 35.982725], [-77.192495, 35.984683], [-77.195918, 35.992035], [-77.213328, 35.992533], [-77.206278, 36.006782], [-77.217223, 36.01519], [-77.230515, 36.015577], [-77.318651, 36.055428], [-77.326668, 36.067205], [-77.327622, 36.076241]]]}}, {"id": "929", "type": "Feature", "properties": {"GEOID": "37057", "NAME": "Davidson"}, "geometry": {"type": "Polygon", "coordinates": [[[-80.487419, 35.833601], [-80.476813, 35.843848], [-80.462556, 35.826964], [-80.455168, 35.827282], [-80.446444, 35.83666], [-80.432642, 35.828126], [-80.428734, 35.830787], [-80.42332, 35.851964], [-80.413211, 35.850966], [-80.397617, 35.841204], [-80.388413, 35.845482], [-80.385976, 35.855712], [-80.391086, 35.869434], [-80.416533, 35.880469], [-80.407859, 35.891481], [-80.392832, 35.89248], [-80.372646, 35.884466], [-80.365225, 35.893395], [-80.374875, 35.911331], [-80.368344, 35.92758], [-80.375024, 35.938781], [-80.375296, 35.956584], [-80.378001, 35.962207], [-80.390054, 35.966952], [-80.394307, 35.972762], [-80.330298, 35.996556], [-80.213841, 35.997114], [-80.213692, 36.026808], [-80.149788, 36.026768], [-80.043238, 36.010758], [-80.066842, 35.505661], [-80.183264, 35.504141], [-80.184843, 35.517991], [-80.197288, 35.529821], [-80.195514, 35.535917], [-80.199217, 35.545647], [-80.209794, 35.552263], [-80.206956, 35.573061], [-80.20886, 35.581334], [-80.231728, 35.596532], [-80.243447, 35.61443], [-80.264975, 35.629598], [-80.288293, 35.635337], [-80.304621, 35.65354], [-80.307258, 35.665678], [-80.330602, 35.678799], [-80.33444, 35.692112], [-80.324114, 35.705824], [-80.332379, 35.718873], [-80.340098, 35.721343], [-80.372763, 35.716502], [-80.389581, 35.719755], [-80.394589, 35.724792], [-80.414077, 35.722588], [-80.441995, 35.734645], [-80.455459, 35.735919], [-80.459525, 35.745976], [-80.450625, 35.766049], [-80.453489, 35.771648], [-80.476702, 35.789093], [-80.473851, 35.797995], [-80.467055, 35.800487], [-80.464449, 35.804983], [-80.472337, 35.825543], [-80.487419, 35.833601]]]}}, {"id": "930", "type": "Feature", "properties": {"GEOID": "37141", "NAME": "Pender"}, "geometry": {"type": "Polygon", "coordinates": [[[-78.272227, 34.538381], [-78.257506, 34.549061], [-78.156481, 34.679095], [-78.113472, 34.707219], [-78.114007, 34.721795], [-78.102433, 34.725446], [-78.087616, 34.726111], [-78.081567, 34.722579], [-78.062166, 34.72785], [-78.052156, 34.725161], [-78.032575, 34.727504], [-78.030748, 34.72481], [-78.023519, 34.730445], [-78.012681, 34.73263], [-77.994256, 34.717138], [-77.980738, 34.713979], [-77.97908, 34.716947], [-77.974499, 34.714706], [-77.975291, 34.718678], [-77.961536, 34.719957], [-77.958813, 34.715863], [-77.951731, 34.715059], [-77.951226, 34.717983], [-77.939574, 34.720135], [-77.938001, 34.723227], [-77.937214, 34.720243], [-77.930558, 34.722992], [-77.921538, 34.719746], [-77.680127, 34.720595], [-77.613857, 34.576006], [-77.575947, 34.476359], [-77.572274, 34.4769], [-77.567986, 34.47003], [-77.552508, 34.471238], [-77.543974, 34.463255], [-77.54116, 34.464958], [-77.5183814113103, 34.4408741557049], [-77.582702, 34.400677], [-77.648781, 34.348437], [-77.66719, 34.338188], [-77.7106468920269, 34.2976853458894], [-77.714393, 34.299355], [-77.724825, 34.292852], [-77.739198, 34.292752], [-77.741407, 34.301548], [-77.751972, 34.30333], [-77.812663, 34.359005], [-77.812314, 34.364682], [-77.815141, 34.367008], [-77.809858, 34.368788], [-77.804709, 34.376292], [-77.810454, 34.381926], [-77.820636, 34.384882], [-77.822995, 34.389359], [-77.843805, 34.380861], [-77.858642, 34.379695], [-77.888433, 34.364062], [-77.897864, 34.364676], [-77.900605, 34.377955], [-77.917752, 34.375511], [-77.928781, 34.361544], [-77.931772, 34.362457], [-77.930691, 34.367401], [-77.934462, 34.3666], [-77.93323, 34.359272], [-77.935448, 34.358044], [-77.940894, 34.36268], [-77.940446, 34.370024], [-77.949726, 34.371128], [-77.951774, 34.364712], [-77.957807, 34.368632], [-77.961663, 34.373432], [-77.959226, 34.381537], [-77.962777, 34.382602], [-77.975553, 34.372344], [-77.986995, 34.372056], [-77.9881, 34.363881], [-77.978004, 34.357423], [-77.988189, 34.351124], [-77.99413, 34.342635], [-77.993202, 34.336828], [-78.046651, 34.330388], [-78.047136, 34.335439], [-78.053969, 34.335585], [-78.052587, 34.339861], [-78.05822, 34.344044], [-78.059291, 34.337926], [-78.078334, 34.338859], [-78.074693, 34.347979], [-78.078836, 34.35395], [-78.084794, 34.351362], [-78.092806, 34.352382], [-78.094768, 34.355986], [-78.102753, 34.355027], [-78.122083, 34.368376], [-78.131982, 34.366663], [-78.137302, 34.371711], [-78.140154, 34.369858], [-78.139476, 34.365458], [-78.149628, 34.366925], [-78.154531, 34.364968], [-78.159321, 34.357114], [-78.169807, 34.356801], [-78.173766, 34.35188], [-78.179273, 34.355278], [-78.196227, 34.352513], [-78.210194, 34.35796], [-78.211554, 34.369355], [-78.22478, 34.373503], [-78.229167, 34.378972], [-78.232677, 34.373971], [-78.235682, 34.374713], [-78.237925, 34.381585], [-78.244889, 34.384585], [-78.246873, 34.39358], [-78.251847, 34.391021], [-78.256085, 34.399469], [-78.176501, 34.465356], [-78.182161, 34.469841], [-78.184941, 34.467844], [-78.189562, 34.469198], [-78.190162, 34.472839], [-78.202874, 34.475605], [-78.207024, 34.487446], [-78.216127, 34.48718], [-78.222059, 34.493076], [-78.223674, 34.490567], [-78.235621, 34.492529], [-78.24188, 34.500209], [-78.252376, 34.504657], [-78.254946, 34.511077], [-78.25124, 34.510794], [-78.256568, 34.516663], [-78.254075, 34.519779], [-78.263855, 34.519616], [-78.265486, 34.526081], [-78.263186, 34.52908], [-78.270451, 34.532394], [-78.272227, 34.538381]]]}}, {"id": "931", "type": "Feature", "properties": {"GEOID": "37167", "NAME": "Stanly"}, "geometry": {"type": "Polygon", "coordinates": [[[-80.506152, 35.192603], [-80.495906, 35.20424], [-80.483403, 35.212428], [-80.484356, 35.216368], [-80.295421, 35.50292], [-80.182559, 35.504151], [-80.176243, 35.485428], [-80.161736, 35.475208], [-80.150218, 35.472714], [-80.139921, 35.475055], [-80.12934, 35.467148], [-80.109914, 35.460982], [-80.108656, 35.44509], [-80.097468, 35.438094], [-80.100491, 35.429903], [-80.090119, 35.415552], [-80.093711, 35.40203], [-80.083904, 35.395094], [-80.075033, 35.395072], [-80.066137, 35.389514], [-80.051225, 35.371537], [-80.054138, 35.365959], [-80.065388, 35.360474], [-80.066335, 35.340647], [-80.081938, 35.321457], [-80.079537, 35.311103], [-80.092888, 35.290219], [-80.092241, 35.271987], [-80.098411, 35.258086], [-80.090801, 35.235989], [-80.078036, 35.228711], [-80.069799, 35.218315], [-80.061917, 35.200676], [-80.060955, 35.189666], [-80.053302, 35.178607], [-80.056861, 35.164035], [-80.068757, 35.155144], [-80.075365, 35.143081], [-80.08986, 35.160926], [-80.107259, 35.17334], [-80.108806, 35.190618], [-80.114761, 35.194305], [-80.129052, 35.187581], [-80.124175, 35.175281], [-80.131161, 35.173623], [-80.136233, 35.167486], [-80.150515, 35.174178], [-80.157837, 35.172788], [-80.158851, 35.167753], [-80.167574, 35.162171], [-80.159851, 35.151176], [-80.160879, 35.1487], [-80.174741, 35.148229], [-80.190638, 35.155538], [-80.196975, 35.166499], [-80.204732, 35.165812], [-80.208522, 35.15577], [-80.225002, 35.156241], [-80.241596, 35.179785], [-80.239999, 35.188067], [-80.250545, 35.202097], [-80.253109, 35.210851], [-80.26355, 35.208557], [-80.265927, 35.203467], [-80.284024, 35.192393], [-80.296702, 35.193379], [-80.30417, 35.187456], [-80.305713, 35.181761], [-80.320931, 35.178725], [-80.321668, 35.173069], [-80.328245, 35.176664], [-80.340355, 35.174148], [-80.357627, 35.164882], [-80.370975, 35.179702], [-80.388328, 35.165862], [-80.403267, 35.167244], [-80.411497, 35.163318], [-80.419262, 35.172864], [-80.439865, 35.161042], [-80.447229, 35.164796], [-80.459347, 35.165077], [-80.463543, 35.170327], [-80.47038, 35.167251], [-80.481141, 35.180075], [-80.488414, 35.175493], [-80.503581, 35.181741], [-80.506152, 35.192603]]]}}, {"id": "932", "type": "Feature", "properties": {"GEOID": "37123", "NAME": "Montgomery"}, "geometry": {"type": "Polygon", "coordinates": [[[-80.182559, 35.504151], [-79.767957, 35.511484], [-79.764192, 35.475735], [-79.75173, 35.443994], [-79.709913, 35.301275], [-79.711978, 35.275882], [-79.705284, 35.26823], [-79.70268, 35.255907], [-79.698007, 35.251521], [-79.672509, 35.244994], [-79.668125, 35.228893], [-79.664314, 35.226629], [-79.664791, 35.216522], [-79.657134, 35.191349], [-79.64938, 35.188707], [-79.637093, 35.17611], [-79.627678, 35.174454], [-79.627351, 35.170021], [-79.62025, 35.171201], [-79.614304, 35.163679], [-79.642129, 35.157717], [-79.673494, 35.175374], [-79.694365, 35.179642], [-79.713273, 35.173098], [-79.733667, 35.178207], [-79.749463, 35.172999], [-79.768378, 35.177174], [-79.792011, 35.175952], [-79.812141, 35.179944], [-79.835386, 35.177179], [-79.851268, 35.183855], [-79.89861, 35.161714], [-79.944271, 35.164169], [-79.952462, 35.156479], [-79.983399, 35.15851], [-80.022753, 35.137191], [-80.075365, 35.143081], [-80.068757, 35.155144], [-80.056861, 35.164035], [-80.053302, 35.178607], [-80.060955, 35.189666], [-80.061917, 35.200676], [-80.069799, 35.218315], [-80.078036, 35.228711], [-80.090801, 35.235989], [-80.098411, 35.258086], [-80.092241, 35.271987], [-80.092888, 35.290219], [-80.079537, 35.311103], [-80.081938, 35.321457], [-80.066335, 35.340647], [-80.065388, 35.360474], [-80.054138, 35.365959], [-80.051225, 35.371537], [-80.066137, 35.389514], [-80.075033, 35.395072], [-80.083904, 35.395094], [-80.093711, 35.40203], [-80.090119, 35.415552], [-80.100491, 35.429903], [-80.097468, 35.438094], [-80.108656, 35.44509], [-80.109914, 35.460982], [-80.12934, 35.467148], [-80.139921, 35.475055], [-80.150218, 35.472714], [-80.161736, 35.475208], [-80.176243, 35.485428], [-80.182559, 35.504151]]]}}, {"id": "933", "type": "Feature", "properties": {"GEOID": "37017", "NAME": "Bladen"}, "geometry": {"type": "Polygon", "coordinates": [[[-78.901998, 34.835268], [-78.827397, 34.850693], [-78.533633, 34.851129], [-78.516123, 34.845919], [-78.494705, 34.856182], [-78.49358, 34.843138], [-78.489568, 34.842568], [-78.487663, 34.836345], [-78.482213, 34.836796], [-78.465826, 34.827643], [-78.465575, 34.820931], [-78.460705, 34.822191], [-78.458822, 34.819773], [-78.459182, 34.812742], [-78.449756, 34.813507], [-78.44944, 34.807835], [-78.441546, 34.801306], [-78.444764, 34.797652], [-78.437434, 34.792136], [-78.438719, 34.785811], [-78.429698, 34.78205], [-78.430287, 34.776527], [-78.423817, 34.773114], [-78.42446, 34.769872], [-78.420054, 34.76585], [-78.409806, 34.765226], [-78.405828, 34.759309], [-78.407483, 34.757514], [-78.402812, 34.756292], [-78.398784, 34.750104], [-78.390748, 34.749463], [-78.392788, 34.74213], [-78.387711, 34.737516], [-78.39292, 34.732577], [-78.391911, 34.729577], [-78.37935, 34.723355], [-78.382323, 34.717279], [-78.368624, 34.704309], [-78.371707, 34.702425], [-78.369605, 34.70023], [-78.373581, 34.701486], [-78.373405, 34.699208], [-78.366729, 34.693126], [-78.362515, 34.695528], [-78.362062, 34.691431], [-78.349262, 34.691904], [-78.350375, 34.689158], [-78.346721, 34.690187], [-78.344399, 34.683409], [-78.346898, 34.680177], [-78.324991, 34.668822], [-78.323538, 34.665662], [-78.327115, 34.664032], [-78.326375, 34.65578], [-78.322647, 34.653705], [-78.324562, 34.649709], [-78.311562, 34.641564], [-78.316937, 34.635741], [-78.31399, 34.633133], [-78.322763, 34.629697], [-78.313116, 34.625883], [-78.314405, 34.618855], [-78.312246, 34.612699], [-78.304854, 34.611077], [-78.304989, 34.602438], [-78.291208, 34.600488], [-78.292651, 34.597126], [-78.289027, 34.598075], [-78.287956, 34.594299], [-78.279841, 34.591103], [-78.275019, 34.581445], [-78.266252, 34.583956], [-78.260673, 34.574503], [-78.261869, 34.571043], [-78.255056, 34.568917], [-78.251728, 34.562021], [-78.26009, 34.555678], [-78.254441, 34.553595], [-78.26075, 34.545371], [-78.272582, 34.537813], [-78.270451, 34.532394], [-78.263186, 34.52908], [-78.265486, 34.526081], [-78.263855, 34.519616], [-78.254075, 34.519779], [-78.255743, 34.513532], [-78.25124, 34.510794], [-78.254946, 34.511077], [-78.255306, 34.508112], [-78.238554, 34.497723], [-78.235621, 34.492529], [-78.223674, 34.490567], [-78.222059, 34.493076], [-78.216127, 34.48718], [-78.207024, 34.487446], [-78.202874, 34.475605], [-78.190162, 34.472839], [-78.189562, 34.469198], [-78.184941, 34.467844], [-78.182161, 34.469841], [-78.176501, 34.465356], [-78.256085, 34.399469], [-78.335084, 34.367622], [-78.365702, 34.372803], [-78.396915, 34.370747], [-78.420101, 34.378108], [-78.44532, 34.3774], [-78.552713, 34.420778], [-78.594012, 34.431443], [-78.60377, 34.441134], [-78.646824, 34.460707], [-78.659408, 34.453694], [-78.656447, 34.460338], [-78.663852, 34.462418], [-78.667588, 34.469645], [-78.825218, 34.461762], [-78.844713, 34.468882], [-78.849553, 34.473491], [-78.858063, 34.474411], [-78.860456, 34.483302], [-78.868961, 34.484778], [-78.869358, 34.487143], [-78.863414, 34.498034], [-78.84937, 34.502611], [-78.849608, 34.500141], [-78.846369, 34.50017], [-78.844438, 34.508096], [-78.856982, 34.515056], [-78.853903, 34.518772], [-78.856477, 34.524906], [-78.852988, 34.527762], [-78.860055, 34.537367], [-78.861273, 34.544583], [-78.857554, 34.54704], [-78.860796, 34.552214], [-78.858099, 34.557117], [-78.862708, 34.56199], [-78.857041, 34.563108], [-78.852931, 34.575718], [-78.843524, 34.578591], [-78.843305, 34.58783], [-78.836056, 34.593504], [-78.835006, 34.597167], [-78.841153, 34.597366], [-78.833996, 34.601594], [-78.83149, 34.608828], [-78.834434, 34.621583], [-78.829847, 34.62582], [-78.826365, 34.638818], [-78.823523, 34.642657], [-78.818585, 34.642018], [-78.822111, 34.644797], [-78.817685, 34.650995], [-78.813683, 34.651565], [-78.818145, 34.654669], [-78.819256, 34.662479], [-78.809431, 34.668276], [-78.805431, 34.686603], [-78.821869, 34.709725], [-78.832983, 34.716105], [-78.832375, 34.719742], [-78.837919, 34.717958], [-78.844516, 34.724514], [-78.840819, 34.727292], [-78.844887, 34.727074], [-78.854381, 34.735743], [-78.856217, 34.748079], [-78.865296, 34.767775], [-78.863606, 34.770028], [-78.869397, 34.773775], [-78.884614, 34.801903], [-78.886597, 34.809811], [-78.883567, 34.812441], [-78.892443, 34.813799], [-78.899794, 34.824784], [-78.901998, 34.835268]]]}}, {"id": "934", "type": "Feature", "properties": {"GEOID": "37111", "NAME": "McDowell"}, "geometry": {"type": "Polygon", "coordinates": [[[-82.294907, 35.683856], [-82.288726, 35.696291], [-82.281218, 35.70217], [-82.271037, 35.704145], [-82.258354, 35.698677], [-82.241095, 35.713488], [-82.2142, 35.724171], [-82.197331, 35.736418], [-82.193839, 35.73511], [-82.184374, 35.753027], [-82.169587, 35.761121], [-82.160474, 35.774258], [-82.158274, 35.779629], [-82.166783, 35.784901], [-82.167895, 35.789138], [-82.160493, 35.799287], [-82.147862, 35.804027], [-82.150012, 35.809249], [-82.141186, 35.812777], [-82.133305, 35.824395], [-82.121194, 35.824617], [-82.117246, 35.832593], [-82.102296, 35.840339], [-82.099405, 35.851671], [-82.074951, 35.848256], [-82.048039, 35.853229], [-82.033962, 35.86219], [-82.029841, 35.867477], [-82.028455, 35.879449], [-82.022591, 35.884912], [-82.007816, 35.882826], [-82.003149, 35.875571], [-81.997269, 35.874035], [-81.980168, 35.885046], [-81.979036, 35.901447], [-81.982264, 35.910927], [-81.954602, 35.926649], [-81.954698, 35.932326], [-81.962607, 35.938101], [-81.962987, 35.941783], [-81.943188, 35.96005], [-81.931438, 35.946876], [-81.932127, 35.941155], [-81.925633, 35.937016], [-81.928471, 35.931531], [-81.920616, 35.919086], [-81.914891, 35.916438], [-81.910319, 35.905524], [-81.914307, 35.901395], [-81.90939, 35.897931], [-81.906652, 35.883376], [-81.918083, 35.860017], [-81.91758, 35.851674], [-81.920509, 35.847079], [-81.931905, 35.838993], [-81.940139, 35.837382], [-81.947332, 35.826401], [-81.956859, 35.819683], [-81.973547, 35.82118], [-81.986939, 35.806923], [-81.869388, 35.719624], [-81.824122, 35.574983], [-81.828376, 35.573918], [-81.83323, 35.55926], [-81.840866, 35.554286], [-81.842674, 35.542262], [-81.904954, 35.541917], [-81.920899, 35.533661], [-81.933121, 35.536074], [-81.967619, 35.526007], [-81.978002, 35.530637], [-81.986252, 35.540709], [-82.002733, 35.551811], [-82.01286, 35.547805], [-82.022621, 35.537243], [-82.039843, 35.532704], [-82.082621, 35.533401], [-82.150538, 35.518002], [-82.20682, 35.547791], [-82.251251, 35.559943], [-82.291026, 35.591322], [-82.291934, 35.594962], [-82.282337, 35.603023], [-82.280432, 35.608759], [-82.265368, 35.613503], [-82.264524, 35.617482], [-82.272742, 35.621972], [-82.274129, 35.628597], [-82.270795, 35.631652], [-82.281785, 35.639284], [-82.28543, 35.647902], [-82.286543, 35.658129], [-82.281118, 35.670212], [-82.284031, 35.67644], [-82.294907, 35.683856]]]}}, {"id": "1099", "type": "Feature", "properties": {"GEOID": "37047", "NAME": "Columbus"}, "geometry": {"type": "Polygon", "coordinates": [[[-79.0712438523822, 34.299302913057], [-79.068051, 34.30714], [-79.054979, 34.308898], [-79.05756, 34.310852], [-79.052881, 34.314635], [-79.045405, 34.310711], [-79.038226, 34.313442], [-79.037149, 34.316105], [-79.040329, 34.31744], [-79.036314, 34.321318], [-79.036118, 34.319165], [-79.03383, 34.324784], [-79.03694, 34.326183], [-79.034759, 34.329886], [-79.037295, 34.332991], [-79.030443, 34.340488], [-79.032248, 34.342738], [-79.028893, 34.342496], [-79.030045, 34.347142], [-79.025474, 34.347827], [-79.027112, 34.353068], [-79.016812, 34.350051], [-79.008971, 34.35299], [-79.010249, 34.355354], [-79.005627, 34.359296], [-79.008094, 34.361352], [-79.000779, 34.364866], [-79.011619, 34.38029], [-79.002574, 34.384108], [-78.994992, 34.392574], [-78.983122, 34.393695], [-78.977597, 34.390341], [-78.973689, 34.3927], [-78.975876, 34.395768], [-78.968172, 34.397304], [-78.967284, 34.41078], [-78.970556, 34.41128], [-78.96803, 34.416355], [-78.971447, 34.418866], [-78.967626, 34.42256], [-78.971075, 34.427739], [-78.959887, 34.442832], [-78.953956, 34.443413], [-78.951808, 34.448756], [-78.94573, 34.449069], [-78.941231, 34.45355], [-78.936756, 34.451731], [-78.937398, 34.455118], [-78.918348, 34.451898], [-78.919093, 34.459297], [-78.907446, 34.455664], [-78.903822, 34.458305], [-78.906405, 34.462157], [-78.901502, 34.460007], [-78.895838, 34.462116], [-78.894784, 34.468087], [-78.881795, 34.473049], [-78.868961, 34.484778], [-78.860456, 34.483302], [-78.858063, 34.474411], [-78.849553, 34.473491], [-78.844713, 34.468882], [-78.825218, 34.461762], [-78.667588, 34.469645], [-78.663852, 34.462418], [-78.656447, 34.460338], [-78.659408, 34.453694], [-78.646824, 34.460707], [-78.60377, 34.441134], [-78.594012, 34.431443], [-78.552713, 34.420778], [-78.44532, 34.3774], [-78.420101, 34.378108], [-78.396915, 34.370747], [-78.365702, 34.372803], [-78.335084, 34.367622], [-78.256085, 34.399469], [-78.251847, 34.391021], [-78.246873, 34.39358], [-78.244889, 34.384585], [-78.237925, 34.381585], [-78.234495, 34.373817], [-78.229167, 34.378972], [-78.22478, 34.373503], [-78.210175, 34.368411], [-78.210194, 34.35796], [-78.202532, 34.353306], [-78.179273, 34.355278], [-78.175358, 34.351398], [-78.169807, 34.356801], [-78.16235, 34.357007], [-78.254622, 34.216305], [-78.374295, 34.204893], [-78.366793, 34.188774], [-78.372605, 34.188588], [-78.391551, 34.173939], [-78.422734, 34.139631], [-78.483983, 34.15784], [-78.495951, 34.167628], [-78.502903, 34.169122], [-78.515216, 34.165948], [-78.525033, 34.153998], [-78.533545, 34.153005], [-78.537057, 34.146208], [-78.541256, 34.14821], [-78.545218, 34.145747], [-78.546376, 34.138342], [-78.543573, 34.135843], [-78.545895, 34.135355], [-78.538803, 34.125171], [-78.539724, 34.122963], [-78.543, 34.126195], [-78.54936, 34.124986], [-78.549187, 34.119296], [-78.5551, 34.116753], [-78.549003, 34.111466], [-78.554027, 34.104059], [-78.546591, 34.103228], [-78.547674, 34.100988], [-78.54407, 34.099882], [-78.54805, 34.095293], [-78.553213, 34.09724], [-78.560189, 34.092052], [-78.55696, 34.08411], [-78.562894, 34.077692], [-78.554697, 34.076685], [-78.553742, 34.072186], [-78.555043, 34.067071], [-78.558899, 34.066649], [-78.557052, 34.061849], [-78.561854, 34.054886], [-78.570248, 34.055667], [-78.570866, 34.05335], [-78.573021, 34.055931], [-78.579558, 34.051616], [-78.583279, 34.046402], [-78.581872, 34.042669], [-78.578127, 34.043771], [-78.579341, 34.036891], [-78.585595, 34.035913], [-78.583478, 34.032018], [-78.589086, 34.032059], [-78.5908, 34.027155], [-78.600312, 34.029987], [-78.603409, 34.024665], [-78.617019, 34.023355], [-78.618258, 34.019504], [-78.625449, 34.019756], [-78.640615, 34.01028], [-78.639827, 34.00354], [-78.630545, 33.990964], [-78.627314, 33.975447], [-78.624083, 33.973298], [-78.629703, 33.974971], [-78.630287, 33.972293], [-78.648351, 33.96554], [-78.642172, 33.958098], [-78.643363, 33.95455], [-78.646621, 33.954482], [-78.644393, 33.949878], [-78.647485, 33.950018], [-78.6503641799208, 33.944338496904], [-79.0712438523822, 34.299302913057]]]}}, {"id": "1128", "type": "Feature", "properties": {"GEOID": "37075", "NAME": "Graham"}, "geometry": {"type": "Polygon", "coordinates": [[[-84.0381543595187, 35.348158160235], [-84.023456, 35.354217], [-84.007586, 35.371661], [-84.011207, 35.384383], [-84.008207, 35.390383], [-84.018807, 35.399783], [-84.023007, 35.411684], [-84.014707, 35.411983], [-83.999906, 35.425201], [-83.992568, 35.438065], [-83.973057, 35.448921], [-83.971439, 35.455145], [-83.965229, 35.455399], [-83.961053, 35.464143], [-83.955416, 35.463456], [-83.939419, 35.4486], [-83.928773, 35.449936], [-83.914077, 35.465054], [-83.908284, 35.466514], [-83.895028, 35.461458], [-83.881546, 35.463183], [-83.873794, 35.460413], [-83.86589, 35.448292], [-83.844907, 35.453121], [-83.838569, 35.448885], [-83.819125, 35.450379], [-83.807588, 35.444099], [-83.80458, 35.454184], [-83.800452, 35.455753], [-83.774475, 35.443475], [-83.756677, 35.441709], [-83.732819, 35.447406], [-83.721109, 35.442968], [-83.702474, 35.4431], [-83.669861, 35.435643], [-83.665108, 35.431333], [-83.65789, 35.432261], [-83.653095, 35.426595], [-83.645859, 35.429454], [-83.642949, 35.443464], [-83.618694, 35.436113], [-83.610109, 35.426976], [-83.585756, 35.434832], [-83.585216, 35.426145], [-83.58903, 35.418937], [-83.585392, 35.418256], [-83.582386, 35.40963], [-83.595369, 35.381076], [-83.593337, 35.376705], [-83.613615, 35.357275], [-83.616995, 35.349064], [-83.63922, 35.338733], [-83.644679, 35.340268], [-83.660507, 35.335626], [-83.6695, 35.328963], [-83.678582, 35.328218], [-83.690649, 35.316947], [-83.695343, 35.297536], [-83.685735, 35.289918], [-83.680264, 35.279387], [-83.702652, 35.248462], [-83.708352, 35.257299], [-83.713144, 35.257689], [-83.734314, 35.244989], [-83.756608, 35.242484], [-83.760003, 35.247036], [-83.773292, 35.245785], [-83.795159, 35.257463], [-83.809031, 35.252468], [-83.813489, 35.254748], [-83.822115, 35.250325], [-83.831429, 35.256117], [-83.84515, 35.255236], [-83.851038, 35.249472], [-83.873205, 35.244212], [-83.887709, 35.234926], [-83.8933, 35.233235], [-83.901268, 35.238427], [-83.934446, 35.222988], [-83.957323, 35.220372], [-83.959036, 35.216912], [-83.967132, 35.21786], [-83.976343, 35.221527], [-83.983375, 35.22961], [-84.003911, 35.236305], [-84.006416, 35.241688], [-84.00092, 35.249628], [-84.011015, 35.257164], [-84.009757, 35.273241], [-84.016523, 35.276281], [-84.022529, 35.286914], [-84.028972, 35.291088], [-84.02141, 35.301383], [-84.02651, 35.309283], [-84.03571, 35.312883], [-84.029377, 35.333197], [-84.036194, 35.337674], [-84.033975, 35.342771], [-84.0381543595187, 35.348158160235]]]}}, {"id": "1161", "type": "Feature", "properties": {"GEOID": "37079", "NAME": "Greene"}, "geometry": {"type": "Polygon", "coordinates": [[[-77.826744, 35.42409], [-77.822511, 35.585383], [-77.815058, 35.588281], [-77.80623, 35.583474], [-77.700692, 35.652295], [-77.694808, 35.651838], [-77.682782, 35.642798], [-77.681622, 35.630762], [-77.673632, 35.623241], [-77.662438, 35.619252], [-77.632683, 35.589499], [-77.621764, 35.58235], [-77.610181, 35.567511], [-77.591374, 35.563197], [-77.581354, 35.553573], [-77.570833, 35.548842], [-77.557894, 35.531974], [-77.541002, 35.533006], [-77.530989, 35.53038], [-77.522769, 35.525054], [-77.525065, 35.519232], [-77.521659, 35.517589], [-77.509114, 35.51956], [-77.5034, 35.517445], [-77.505806, 35.51023], [-77.511178, 35.50775], [-77.505925, 35.504715], [-77.511587, 35.497035], [-77.501999, 35.491419], [-77.502732, 35.485843], [-77.494116, 35.477423], [-77.490318, 35.46812], [-77.492659, 35.461467], [-77.484055, 35.45759], [-77.485487, 35.453141], [-77.480534, 35.451256], [-77.484165, 35.445088], [-77.476743, 35.445412], [-77.479362, 35.439144], [-77.474281, 35.439102], [-77.475515, 35.426655], [-77.482682, 35.422795], [-77.481225, 35.41548], [-77.48386, 35.413667], [-77.494042, 35.411696], [-77.501109, 35.418424], [-77.506365, 35.418857], [-77.506701, 35.421896], [-77.509899, 35.421517], [-77.520969, 35.414544], [-77.528338, 35.414336], [-77.534173, 35.398104], [-77.564333, 35.387723], [-77.566382, 35.382982], [-77.581544, 35.377926], [-77.584667, 35.3797], [-77.590675, 35.373599], [-77.603211, 35.375163], [-77.606957, 35.379497], [-77.614381, 35.377563], [-77.637314, 35.354455], [-77.659344, 35.353864], [-77.679281, 35.347515], [-77.690139, 35.359689], [-77.690269, 35.364383], [-77.694289, 35.365827], [-77.697516, 35.377097], [-77.777669, 35.367664], [-77.806248, 35.368754], [-77.799861, 35.382282], [-77.804602, 35.405011], [-77.826744, 35.42409]]]}}, {"id": "1174", "type": "Feature", "properties": {"GEOID": "37155", "NAME": "Robeson"}, "geometry": {"type": "Polygon", "coordinates": [[[-79.461468, 34.630423], [-79.331693, 34.773008], [-79.357624, 34.820306], [-79.352674, 34.825207], [-79.348832, 34.838855], [-79.191391, 34.833717], [-79.038747, 34.952715], [-78.95486, 34.913266], [-78.953232, 34.909395], [-78.940844, 34.903368], [-78.938665, 34.897714], [-78.92661, 34.886698], [-78.922321, 34.875483], [-78.921593, 34.870663], [-78.927018, 34.863957], [-78.901998, 34.835268], [-78.899794, 34.824784], [-78.892443, 34.813799], [-78.883567, 34.812441], [-78.886597, 34.809811], [-78.884614, 34.801903], [-78.869397, 34.773775], [-78.863606, 34.770028], [-78.865296, 34.767775], [-78.856217, 34.748079], [-78.854381, 34.735743], [-78.844887, 34.727074], [-78.840819, 34.727292], [-78.844516, 34.724514], [-78.837919, 34.717958], [-78.832375, 34.719742], [-78.832983, 34.716105], [-78.821869, 34.709725], [-78.805431, 34.686603], [-78.809431, 34.668276], [-78.819256, 34.662479], [-78.818145, 34.654669], [-78.813683, 34.651565], [-78.817685, 34.650995], [-78.822111, 34.644797], [-78.818585, 34.642018], [-78.823523, 34.642657], [-78.826365, 34.638818], [-78.829847, 34.62582], [-78.834434, 34.621583], [-78.83149, 34.608828], [-78.833996, 34.601594], [-78.841153, 34.597366], [-78.835006, 34.597167], [-78.836056, 34.593504], [-78.843305, 34.58783], [-78.843524, 34.578591], [-78.852931, 34.575718], [-78.857041, 34.563108], [-78.862708, 34.56199], [-78.858099, 34.557117], [-78.860796, 34.552214], [-78.857554, 34.54704], [-78.861273, 34.544583], [-78.860055, 34.537367], [-78.852988, 34.527762], [-78.856477, 34.524906], [-78.853903, 34.518772], [-78.856982, 34.515056], [-78.844438, 34.508096], [-78.846369, 34.50017], [-78.849608, 34.500141], [-78.84937, 34.502611], [-78.863414, 34.498034], [-78.869665, 34.482401], [-78.888734, 34.468857], [-78.894784, 34.468087], [-78.895838, 34.462116], [-78.901502, 34.460007], [-78.906405, 34.462157], [-78.903822, 34.458305], [-78.907446, 34.455664], [-78.919093, 34.459297], [-78.918348, 34.451898], [-78.937398, 34.455118], [-78.936756, 34.451731], [-78.941231, 34.45355], [-78.94573, 34.449069], [-78.951808, 34.448756], [-78.953956, 34.443413], [-78.959887, 34.442832], [-78.971075, 34.427739], [-78.967626, 34.42256], [-78.971447, 34.418866], [-78.96803, 34.416355], [-78.970556, 34.41128], [-78.967284, 34.41078], [-78.968172, 34.397304], [-78.975876, 34.395768], [-78.973689, 34.3927], [-78.977597, 34.390341], [-78.983122, 34.393695], [-78.994992, 34.392574], [-79.002574, 34.384108], [-79.011619, 34.38029], [-79.000779, 34.364866], [-79.008094, 34.361352], [-79.005627, 34.359296], [-79.010249, 34.355354], [-79.008971, 34.35299], [-79.016812, 34.350051], [-79.027112, 34.353068], [-79.025474, 34.347827], [-79.030045, 34.347142], [-79.028893, 34.342496], [-79.032248, 34.342738], [-79.030443, 34.340488], [-79.037295, 34.332991], [-79.034759, 34.329886], [-79.03694, 34.326183], [-79.03383, 34.324784], [-79.036118, 34.319165], [-79.036314, 34.321318], [-79.040329, 34.31744], [-79.037149, 34.316105], [-79.038226, 34.313442], [-79.045405, 34.310711], [-79.052881, 34.314635], [-79.05756, 34.310852], [-79.054979, 34.308898], [-79.068051, 34.30714], [-79.0712438523822, 34.299302913057], [-79.461468, 34.630423]]]}}, {"id": "1175", "type": "Feature", "properties": {"GEOID": "37175", "NAME": "Transylvania"}, "geometry": {"type": "Polygon", "coordinates": [[[-83.056889, 35.053827], [-83.048858, 35.06081], [-83.043638, 35.071227], [-83.043864, 35.078299], [-83.037168, 35.080056], [-82.983873, 35.131295], [-82.97879, 35.13039], [-82.976453, 35.133321], [-82.980903, 35.148351], [-82.988273, 35.148244], [-82.994809, 35.153521], [-82.996621, 35.163361], [-82.981211, 35.16764], [-82.988623, 35.1745], [-82.98539, 35.179805], [-82.988707, 35.184838], [-82.986919, 35.187638], [-82.970566, 35.193035], [-82.960196, 35.20562], [-82.959629, 35.215515], [-82.935343, 35.225295], [-82.928428, 35.234893], [-82.919178, 35.270945], [-82.922226, 35.283482], [-82.920881, 35.292037], [-82.899458, 35.305467], [-82.885007, 35.308044], [-82.876429, 35.314581], [-82.831628, 35.31859], [-82.824751, 35.324637], [-82.82302, 35.331938], [-82.815075, 35.336078], [-82.814707, 35.344392], [-82.803197, 35.350179], [-82.795811, 35.364726], [-82.791582, 35.367421], [-82.78777, 35.380994], [-82.782182, 35.383257], [-82.77368, 35.393878], [-82.74562, 35.407345], [-82.749436, 35.413356], [-82.745139, 35.422967], [-82.619248, 35.303708], [-82.623996, 35.297068], [-82.618769, 35.288422], [-82.610186, 35.288199], [-82.616119, 35.260066], [-82.604267, 35.25894], [-82.603968, 35.221791], [-82.590851, 35.162412], [-82.58568, 35.158339], [-82.585585, 35.152096], [-82.5741676484568, 35.1436658020327], [-82.588158, 35.142928], [-82.59814, 35.137729], [-82.612444, 35.138234], [-82.621185, 35.134635], [-82.629031, 35.126155], [-82.636236, 35.125495], [-82.636477, 35.130357], [-82.641042, 35.132319], [-82.645295, 35.126807], [-82.652191, 35.126047], [-82.65351, 35.121968], [-82.662381, 35.118123], [-82.66905, 35.120616], [-82.673272, 35.11748], [-82.674615, 35.126435], [-82.681443, 35.127918], [-82.687084, 35.125116], [-82.686738, 35.11979], [-82.693552, 35.116879], [-82.694626, 35.114735], [-82.686484, 35.108164], [-82.697677, 35.095726], [-82.700496, 35.100759], [-82.715297, 35.092943], [-82.72701, 35.094142], [-82.738379, 35.079453], [-82.751813, 35.079892], [-82.754162, 35.069629], [-82.770046, 35.065476], [-82.777376, 35.064143], [-82.781973, 35.066817], [-82.776357, 35.081349], [-82.787867, 35.085024], [-83.0087002743544, 35.0276262282459], [-83.01811, 35.037093], [-83.028585, 35.039891], [-83.032458, 35.037734], [-83.043701, 35.051393], [-83.056889, 35.053827]]]}}, {"id": "1223", "type": "Feature", "properties": {"GEOID": "37147", "NAME": "Pitt"}, "geometry": {"type": "Polygon", "coordinates": [[[-77.700692, 35.652295], [-77.516261, 35.761334], [-77.472286, 35.801095], [-77.452289, 35.7999], [-77.446379, 35.808591], [-77.424989, 35.80555], [-77.416412, 35.813608], [-77.412188, 35.825262], [-77.397113, 35.825192], [-77.390154, 35.833062], [-77.2552, 35.786352], [-77.255279, 35.783014], [-77.264437, 35.775231], [-77.259792, 35.765222], [-77.246949, 35.760691], [-77.215925, 35.76008], [-77.203019, 35.753573], [-77.202397, 35.746354], [-77.191943, 35.74668], [-77.190012, 35.743273], [-77.178715, 35.739394], [-77.173898, 35.733936], [-77.170939, 35.716328], [-77.185706, 35.719715], [-77.187174, 35.712251], [-77.193949, 35.709235], [-77.195772, 35.699779], [-77.192982, 35.694158], [-77.180885, 35.692884], [-77.179833, 35.685174], [-77.175321, 35.687306], [-77.169849, 35.684339], [-77.171885, 35.676689], [-77.167093, 35.672622], [-77.172008, 35.668976], [-77.177453, 35.669366], [-77.180683, 35.664536], [-77.174673, 35.658718], [-77.173959, 35.635322], [-77.168248, 35.6312], [-77.163099, 35.633418], [-77.162193, 35.629833], [-77.150528, 35.62519], [-77.147975, 35.620227], [-77.143553, 35.620505], [-77.145481, 35.608562], [-77.140249, 35.606258], [-77.150823, 35.602598], [-77.142428, 35.599125], [-77.139521, 35.60213], [-77.134656, 35.596157], [-77.127257, 35.594044], [-77.124644, 35.596862], [-77.121915, 35.592197], [-77.125352, 35.584567], [-77.118047, 35.583217], [-77.114425, 35.588627], [-77.117208, 35.581387], [-77.106676, 35.5814], [-77.111883, 35.574822], [-77.110453, 35.56963], [-77.101437, 35.569676], [-77.101636, 35.566331], [-77.096627, 35.564683], [-77.09017, 35.568665], [-77.086581, 35.562593], [-77.089548, 35.560883], [-77.088814, 35.554417], [-77.084643, 35.552601], [-77.113178, 35.549738], [-77.127396, 35.553763], [-77.17621, 35.5191], [-77.176543, 35.501339], [-77.167067, 35.496923], [-77.173818, 35.484966], [-77.173841, 35.456596], [-77.180799, 35.455104], [-77.181368, 35.440691], [-77.19123, 35.435026], [-77.189714, 35.415899], [-77.201559, 35.398664], [-77.211216, 35.398184], [-77.217876, 35.401643], [-77.227127, 35.399845], [-77.227922, 35.392309], [-77.234327, 35.391234], [-77.239649, 35.381361], [-77.236847, 35.371587], [-77.239072, 35.360906], [-77.247896, 35.354415], [-77.260302, 35.35167], [-77.267957, 35.355174], [-77.269292, 35.369153], [-77.279892, 35.375837], [-77.29434, 35.379137], [-77.35255, 35.327736], [-77.365435, 35.333186], [-77.382577, 35.334348], [-77.391026, 35.339533], [-77.3934, 35.346984], [-77.400865, 35.34794], [-77.408207, 35.353371], [-77.425191, 35.3491], [-77.431461, 35.36695], [-77.439963, 35.366966], [-77.448165, 35.371541], [-77.445203, 35.379978], [-77.455032, 35.385533], [-77.448488, 35.39273], [-77.458019, 35.394008], [-77.456148, 35.395158], [-77.470722, 35.409765], [-77.469904, 35.419924], [-77.476923, 35.431033], [-77.474281, 35.439102], [-77.479362, 35.439144], [-77.476743, 35.445412], [-77.484165, 35.445088], [-77.480534, 35.451256], [-77.485487, 35.453141], [-77.484055, 35.45759], [-77.492659, 35.461467], [-77.490318, 35.46812], [-77.494116, 35.477423], [-77.502732, 35.485843], [-77.501999, 35.491419], [-77.511587, 35.497035], [-77.505925, 35.504715], [-77.511178, 35.50775], [-77.505806, 35.51023], [-77.5034, 35.517445], [-77.509114, 35.51956], [-77.521659, 35.517589], [-77.525065, 35.519232], [-77.522769, 35.525054], [-77.530989, 35.53038], [-77.541002, 35.533006], [-77.557894, 35.531974], [-77.570833, 35.548842], [-77.581354, 35.553573], [-77.591374, 35.563197], [-77.610181, 35.567511], [-77.621764, 35.58235], [-77.632683, 35.589499], [-77.662438, 35.619252], [-77.673632, 35.623241], [-77.681622, 35.630762], [-77.68041, 35.63857], [-77.688912, 35.649447], [-77.700692, 35.652295]]]}}, {"id": "1264", "type": "Feature", "properties": {"GEOID": "37161", "NAME": "Rutherford"}, "geometry": {"type": "Polygon", "coordinates": [[[-82.280529, 35.443393], [-82.265795, 35.467818], [-82.251437, 35.460685], [-82.2425, 35.467838], [-82.224336, 35.498269], [-82.233335, 35.509629], [-82.233853, 35.518655], [-82.23152, 35.519945], [-82.169049, 35.527811], [-82.150538, 35.518002], [-82.082621, 35.533401], [-82.039843, 35.532704], [-82.022621, 35.537243], [-82.01286, 35.547805], [-82.002733, 35.551811], [-81.986252, 35.540709], [-81.978002, 35.530637], [-81.967619, 35.526007], [-81.933121, 35.536074], [-81.920899, 35.533661], [-81.904954, 35.541917], [-81.842674, 35.542262], [-81.840866, 35.554286], [-81.83323, 35.55926], [-81.828376, 35.573918], [-81.824122, 35.574983], [-81.822132, 35.580513], [-81.818492, 35.57798], [-81.81012, 35.581319], [-81.802838, 35.578165], [-81.798783, 35.579968], [-81.794058, 35.593239], [-81.77217, 35.592944], [-81.768338, 35.597933], [-81.771972, 35.601978], [-81.753407, 35.613588], [-81.746823, 35.605689], [-81.737143, 35.601908], [-81.721701, 35.606308], [-81.717287, 35.604579], [-81.716326, 35.595012], [-81.705653, 35.581214], [-81.702587, 35.583332], [-81.697035, 35.578823], [-81.691989, 35.580041], [-81.702853, 35.357304], [-81.759541, 35.222646], [-81.7681085961812, 35.1803883279178], [-81.9693458232069, 35.1872287391339], [-81.970882, 35.211589], [-81.962806, 35.22686], [-81.965679, 35.231062], [-81.963869, 35.24945], [-81.969007, 35.252442], [-81.968788, 35.257764], [-81.995719, 35.270615], [-82.000653, 35.282541], [-82.014716, 35.291954], [-82.016757, 35.299152], [-82.023312, 35.29829], [-82.029517, 35.301502], [-82.031504, 35.309378], [-82.046194, 35.320699], [-82.047162, 35.327085], [-82.053984, 35.335425], [-82.064885, 35.334621], [-82.067969, 35.339219], [-82.077075, 35.341973], [-82.079662, 35.352978], [-82.088622, 35.355819], [-82.097187, 35.36988], [-82.105244, 35.367214], [-82.109418, 35.383316], [-82.119619, 35.387929], [-82.1276, 35.396161], [-82.141736, 35.399142], [-82.151535, 35.407581], [-82.160038, 35.409354], [-82.171609, 35.409318], [-82.18515, 35.396619], [-82.195251, 35.397967], [-82.197102, 35.402104], [-82.204552, 35.40363], [-82.209018, 35.397669], [-82.220543, 35.394636], [-82.239115, 35.402557], [-82.261305, 35.393198], [-82.270121, 35.400356], [-82.268655, 35.406588], [-82.272386, 35.409266], [-82.27577, 35.423804], [-82.273423, 35.430707], [-82.280529, 35.443393]]]}}, {"id": "1265", "type": "Feature", "properties": {"GEOID": "37083", "NAME": "Halifax"}, "geometry": {"type": "Polygon", "coordinates": [[[-78.006551, 36.202633], [-77.942406, 36.298526], [-77.911963, 36.382446], [-77.912064, 36.424769], [-77.920104, 36.436051], [-77.911795, 36.442807], [-77.905552, 36.490947], [-77.898813, 36.506072], [-77.891015, 36.511856], [-77.884895, 36.506434], [-77.86939, 36.503604], [-77.858293, 36.506648], [-77.809345, 36.498339], [-77.767914, 36.480045], [-77.762216, 36.481981], [-77.745951, 36.478962], [-77.726493, 36.48749], [-77.709667, 36.487076], [-77.68114, 36.479177], [-77.644367, 36.480228], [-77.626019, 36.445699], [-77.616271, 36.444106], [-77.609632, 36.436746], [-77.591947, 36.431388], [-77.586398, 36.422039], [-77.57275, 36.422986], [-77.550498, 36.414004], [-77.544446, 36.393895], [-77.547864, 36.371997], [-77.576541, 36.35438], [-77.585599, 36.337344], [-77.577206, 36.328517], [-77.571386, 36.314086], [-77.556296, 36.305208], [-77.541108, 36.303264], [-77.495096, 36.308381], [-77.485497, 36.315961], [-77.46632, 36.321958], [-77.441663, 36.324353], [-77.414418, 36.293472], [-77.409427, 36.263549], [-77.376934, 36.245047], [-77.376426, 36.238354], [-77.385975, 36.211174], [-77.350971, 36.191532], [-77.32837, 36.191907], [-77.319386, 36.18179], [-77.309048, 36.180719], [-77.313362, 36.173858], [-77.309029, 36.168179], [-77.299599, 36.164906], [-77.288272, 36.16932], [-77.28257, 36.166799], [-77.277248, 36.15781], [-77.263366, 36.158941], [-77.267144, 36.150965], [-77.266143, 36.140999], [-77.251527, 36.135534], [-77.254621, 36.122811], [-77.239704, 36.120275], [-77.25072, 36.117695], [-77.251468, 36.115051], [-77.234813, 36.111138], [-77.23021, 36.107022], [-77.24207, 36.097343], [-77.270807, 36.099773], [-77.292261, 36.091471], [-77.313225, 36.089167], [-77.321094, 36.077937], [-77.327622, 36.076241], [-77.327569, 36.071361], [-77.339809, 36.066184], [-77.402614, 36.004966], [-77.408538, 36.006995], [-77.424538, 36.003945], [-77.441515, 36.014938], [-77.437797, 36.019095], [-77.439301, 36.021212], [-77.453743, 36.029446], [-77.467385, 36.031622], [-77.474851, 36.037775], [-77.52666, 36.037574], [-77.529304, 36.039421], [-77.524562, 36.039996], [-77.52262, 36.045093], [-77.529159, 36.047379], [-77.533567, 36.052439], [-77.532404, 36.056135], [-77.535692, 36.055122], [-77.540136, 36.060828], [-77.53923, 36.064512], [-77.53574, 36.063449], [-77.525631, 36.069427], [-77.535724, 36.078021], [-77.531491, 36.08377], [-77.53361, 36.091183], [-77.538546, 36.091088], [-77.54114, 36.096228], [-77.552924, 36.099996], [-77.56013, 36.094465], [-77.574243, 36.099781], [-77.578822, 36.097982], [-77.57911, 36.100588], [-77.585982, 36.100278], [-77.584522, 36.10247], [-77.589579, 36.103789], [-77.59245, 36.101991], [-77.593934, 36.104407], [-77.596545, 36.100961], [-77.6056, 36.11041], [-77.610269, 36.107733], [-77.608987, 36.110689], [-77.622426, 36.110763], [-77.62551, 36.115112], [-77.625911, 36.111617], [-77.630148, 36.115565], [-77.631628, 36.126667], [-77.636605, 36.127764], [-77.636371, 36.131774], [-77.643976, 36.138135], [-77.650876, 36.137702], [-77.65094, 36.135306], [-77.655171, 36.138775], [-77.670076, 36.137147], [-77.671823, 36.14313], [-77.676553, 36.143624], [-77.672067, 36.14793], [-77.678588, 36.15061], [-77.678533, 36.154373], [-77.682723, 36.151456], [-77.699456, 36.152942], [-77.704924, 36.150913], [-77.70646, 36.146785], [-77.716763, 36.145785], [-77.721149, 36.141923], [-77.71642, 36.137137], [-77.721332, 36.133795], [-77.731528, 36.139317], [-77.729254, 36.148687], [-77.731858, 36.147411], [-77.741905, 36.155112], [-77.745694, 36.153013], [-77.750068, 36.157468], [-77.757527, 36.14878], [-77.771987, 36.147095], [-77.774005, 36.142553], [-77.799263, 36.144476], [-77.803937, 36.149742], [-77.808774, 36.138238], [-77.821892, 36.144777], [-77.855599, 36.14595], [-77.861858, 36.1491], [-77.879413, 36.143299], [-77.884231, 36.147298], [-77.887876, 36.143966], [-77.892354, 36.151179], [-77.901385, 36.156673], [-77.900739, 36.162697], [-77.923032, 36.166897], [-77.917775, 36.179615], [-77.923754, 36.188807], [-77.926093, 36.183168], [-77.931817, 36.182564], [-77.943774, 36.192625], [-77.944286, 36.182276], [-77.951087, 36.180575], [-77.968089, 36.194504], [-77.973345, 36.194178], [-77.969018, 36.18385], [-77.971393, 36.178023], [-77.977663, 36.175259], [-77.98457, 36.182395], [-77.983042, 36.186651], [-77.98765, 36.189532], [-77.991576, 36.185056], [-77.997128, 36.198693], [-78.006551, 36.202633]]]}}, {"id": "1277", "type": "Feature", "properties": {"GEOID": "37043", "NAME": "Clay"}, "geometry": {"type": "Polygon", "coordinates": [[[-84.005821, 34.989088], [-84.002712, 34.99602], [-83.979847, 35.005867], [-83.956443, 35.026409], [-83.960714, 35.030874], [-83.958406, 35.038886], [-83.966059, 35.044119], [-83.964019, 35.048077], [-83.956725, 35.054187], [-83.943504, 35.056067], [-83.932371, 35.069395], [-83.927411, 35.066743], [-83.922679, 35.074075], [-83.907671, 35.078219], [-83.905265, 35.08662], [-83.864025, 35.120058], [-83.865514, 35.127342], [-83.857124, 35.137066], [-83.840733, 35.143841], [-83.816561, 35.139223], [-83.797119, 35.144923], [-83.794627, 35.148099], [-83.778005, 35.150104], [-83.772941, 35.155858], [-83.756132, 35.157222], [-83.749772, 35.161177], [-83.742458, 35.159371], [-83.726359, 35.145485], [-83.714149, 35.155313], [-83.699199, 35.15263], [-83.693406, 35.155998], [-83.68712, 35.154111], [-83.684356, 35.157766], [-83.673449, 35.157057], [-83.665917, 35.150066], [-83.659415, 35.154489], [-83.659403, 35.16002], [-83.655188, 35.158322], [-83.64771, 35.151963], [-83.64916, 35.147814], [-83.645148, 35.14528], [-83.648549, 35.140644], [-83.657073, 35.140139], [-83.654454, 35.135556], [-83.639871, 35.138493], [-83.637717, 35.132841], [-83.64375, 35.132005], [-83.634745, 35.12118], [-83.632386, 35.125087], [-83.624793, 35.125416], [-83.626548, 35.131383], [-83.618928, 35.12825], [-83.618891, 35.119408], [-83.614648, 35.113422], [-83.618299, 35.106798], [-83.587521, 35.092332], [-83.581847, 35.078075], [-83.57531, 35.071651], [-83.567308, 35.07109], [-83.568195, 35.067573], [-83.562232, 35.059424], [-83.566717, 35.051281], [-83.558573, 35.03952], [-83.543474, 35.038746], [-83.521173, 35.018044], [-83.521827, 35.013427], [-83.52708, 35.009214], [-83.520457, 34.996576], [-83.514082, 35.004144], [-83.509387, 35.004926], [-83.504599, 35.000659], [-83.486818, 34.998667], [-83.4829524283476, 34.9934833880904], [-83.620185, 34.992091], [-83.619985, 34.986592], [-84.005821, 34.989088]]]}}, {"id": "1278", "type": "Feature", "properties": {"GEOID": "37029", "NAME": "Camden"}, "geometry": {"type": "Polygon", "coordinates": [[[-76.5415364676522, 36.5503132587206], [-76.3133029178411, 36.5505512312821], [-76.158532, 36.425333], [-76.157472, 36.398178], [-76.147626, 36.394463], [-76.12181, 36.371088], [-76.114361, 36.357583], [-76.093033, 36.350763], [-76.086329, 36.349704], [-76.084983, 36.352153], [-76.074133, 36.346139], [-76.071876, 36.349971], [-76.064227, 36.347308], [-76.063958, 36.352033], [-76.05901, 36.352171], [-76.052798, 36.3603], [-76.049261, 36.356448], [-76.04543, 36.358157], [-76.036413, 36.355174], [-76.028796, 36.34913], [-76.028683, 36.34408], [-76.033398, 36.34051], [-76.031674, 36.338597], [-76.024908, 36.341008], [-76.023282, 36.344997], [-76.01698, 36.34463], [-76.020496, 36.332942], [-76.01639, 36.327256], [-76.007914, 36.328648], [-76.001737, 36.323469], [-75.999651, 36.311174], [-75.971076, 36.308359], [-75.966631, 36.289557], [-75.955098, 36.289323], [-75.948426, 36.285268], [-75.949549, 36.273218], [-75.96891, 36.264221], [-75.967077, 36.254995], [-75.95723, 36.245722], [-75.947873, 36.224387], [-75.949837, 36.215404], [-75.959952, 36.198875], [-75.94408, 36.187367], [-75.942572, 36.181434], [-75.917189, 36.172631], [-75.91338, 36.16544], [-75.934642, 36.165904], [-76.000714, 36.180128], [-76.016985, 36.186367], [-76.026157, 36.202005], [-76.042319, 36.211019], [-76.044168, 36.219746], [-76.05396, 36.234825], [-76.079581, 36.23824], [-76.084151, 36.248214], [-76.101578, 36.2592], [-76.105679, 36.27244], [-76.131018, 36.290991], [-76.154424, 36.289422], [-76.164382, 36.292295], [-76.165231, 36.297123], [-76.172831, 36.302388], [-76.195471, 36.296496], [-76.2158120064262, 36.3002254668139], [-76.213793, 36.304046], [-76.200654, 36.306051], [-76.199222, 36.317533], [-76.1876, 36.314564], [-76.181198, 36.321039], [-76.192207, 36.32814], [-76.215978, 36.327675], [-76.218083, 36.333617], [-76.214178, 36.341599], [-76.22704, 36.34774], [-76.225774, 36.354141], [-76.231523, 36.362728], [-76.231329, 36.37208], [-76.256744, 36.363344], [-76.260101, 36.366496], [-76.256477, 36.373675], [-76.258891, 36.384274], [-76.274126, 36.388227], [-76.27876, 36.386353], [-76.285256, 36.388827], [-76.288101, 36.384886], [-76.291542, 36.386629], [-76.302236, 36.400874], [-76.310541, 36.401926], [-76.311665, 36.407695], [-76.323099, 36.417316], [-76.320574, 36.426301], [-76.345569, 36.421402], [-76.34848, 36.423867], [-76.34761, 36.428178], [-76.356912, 36.426631], [-76.36756, 36.431387], [-76.367354, 36.439353], [-76.37192, 36.439436], [-76.376805, 36.44594], [-76.386817, 36.446892], [-76.394749, 36.454549], [-76.406139, 36.453966], [-76.42271, 36.464386], [-76.437286, 36.467846], [-76.5415364676522, 36.5503132587206]]]}}, {"id": "1334", "type": "Feature", "properties": {"GEOID": "37103", "NAME": "Jones"}, "geometry": {"type": "Polygon", "coordinates": [[[-77.731026, 35.008138], [-77.601282, 35.071368], [-77.507463, 35.172814], [-77.527182, 35.243001], [-77.473692, 35.228985], [-77.452337, 35.218993], [-77.329244, 35.149829], [-77.187679, 35.081086], [-77.191025, 35.076544], [-77.189422, 35.06667], [-77.179259, 35.058345], [-77.173874, 35.05912], [-77.1804, 35.055342], [-77.168445, 35.060562], [-77.164511, 35.065485], [-77.155254, 35.062647], [-77.149857, 35.057609], [-77.151939, 35.054826], [-77.148345, 35.054675], [-77.149594, 35.056572], [-77.145191, 35.060066], [-77.135354, 35.06411], [-77.130521, 35.072304], [-77.113574, 35.07257], [-77.109089, 35.066833], [-77.110237, 35.046694], [-77.107871, 35.038119], [-77.098889, 35.027152], [-77.103101, 35.01707], [-77.108851, 34.83078], [-77.047249, 34.836416], [-77.079829, 34.810041], [-77.089715, 34.809037], [-77.090731, 34.799316], [-77.107382, 34.803106], [-77.116163, 34.793965], [-77.123754, 34.792738], [-77.131679, 34.798138], [-77.149815, 34.792702], [-77.161733, 34.794845], [-77.164699, 34.790316], [-77.167769, 34.791], [-77.162995, 34.785526], [-77.172743, 34.780612], [-77.17097, 34.785512], [-77.175016, 34.787885], [-77.171134, 34.790721], [-77.175818, 34.791969], [-77.176399, 34.797193], [-77.190841, 34.802669], [-77.189121, 34.806166], [-77.196257, 34.810991], [-77.193132, 34.814258], [-77.195053, 34.818168], [-77.186202, 34.819883], [-77.1794, 34.829931], [-77.181253, 34.836211], [-77.193296, 34.831945], [-77.201964, 34.834778], [-77.200936, 34.842156], [-77.211357, 34.852838], [-77.209964, 34.858747], [-77.219577, 34.870279], [-77.2162, 34.874345], [-77.222444, 34.887127], [-77.234165, 34.886331], [-77.231969, 34.893189], [-77.238752, 34.893785], [-77.237357, 34.899962], [-77.248333, 34.900101], [-77.252099, 34.904477], [-77.249999, 34.909095], [-77.260151, 34.909625], [-77.259269, 34.913624], [-77.267647, 34.92579], [-77.28387, 34.928037], [-77.284697, 34.930943], [-77.294638, 34.930467], [-77.309381, 34.937517], [-77.317253, 34.932386], [-77.331554, 34.93915], [-77.343091, 34.93137], [-77.363314, 34.92554], [-77.366768, 34.90865], [-77.502792, 34.969637], [-77.638967, 34.98446], [-77.674805, 34.9739], [-77.731026, 35.008138]]]}}, {"id": "1339", "type": "Feature", "properties": {"GEOID": "37095", "NAME": "Hyde"}, "geometry": {"type": "MultiPolygon", "coordinates": [[[[-76.01528, 35.070655], [-76.010764, 35.075907], [-76.000068, 35.080187], [-75.98557, 35.098079], [-75.989848, 35.104302], [-75.988422, 35.116356], [-75.982242, 35.120439], [-75.958236, 35.115384], [-75.929477, 35.130353], [-75.853657, 35.158146], [-75.846765, 35.163587], [-75.817292, 35.172136], [-75.805408, 35.178935], [-75.785681, 35.182626], [-75.780452, 35.188454], [-75.77361, 35.187281], [-75.781252, 35.181033], [-75.920208, 35.124716], [-75.965129, 35.099635], [-76.00197, 35.07299], [-76.00292, 35.067932], [-76.0091, 35.065987], [-76.01528, 35.070655]]], [[[-76.28072, 35.31378], [-76.278046, 35.324446], [-76.27963, 35.330506], [-76.274184, 35.330182], [-76.262399, 35.31386], [-76.271213, 35.310305], [-76.28072, 35.31378]]], [[[-76.637513, 35.705215], [-76.545621, 35.705084], [-76.269247, 35.690754], [-76.297853, 35.609027], [-76.285839, 35.604464], [-76.269711, 35.607978], [-76.265358, 35.603257], [-76.253007, 35.606045], [-76.246671, 35.602523], [-76.229427, 35.599783], [-76.225536, 35.601839], [-76.215465, 35.598049], [-76.207878, 35.604007], [-76.206421, 35.611263], [-76.202225, 35.609732], [-76.201517, 35.615204], [-76.198155, 35.617041], [-76.199912, 35.618979], [-76.195848, 35.620119], [-76.199454, 35.622128], [-76.196456, 35.623238], [-76.194801, 35.630905], [-76.198754, 35.634029], [-76.194346, 35.635711], [-76.193626, 35.644995], [-76.177748, 35.655176], [-76.181116, 35.666917], [-76.17551, 35.665095], [-76.175905, 35.672069], [-76.169503, 35.672514], [-76.175492, 35.678601], [-76.171881, 35.681974], [-76.176558, 35.686244], [-76.175861, 35.690698], [-76.166874, 35.691426], [-76.172964, 35.696066], [-76.169553, 35.698618], [-76.161582, 35.696162], [-76.139868, 35.702102], [-76.130072, 35.690779], [-76.118268, 35.691908], [-76.120211, 35.680593], [-76.103285, 35.677863], [-76.096682, 35.669581], [-76.083883, 35.675048], [-76.073393, 35.671817], [-76.058886, 35.674796], [-76.0451300309847, 35.6655789841811], [-76.047548, 35.652911], [-76.043983, 35.647696], [-76.038041, 35.645765], [-76.018789, 35.653683], [-76.012847, 35.660829], [-76.012999281832, 35.668866], [-75.901342, 35.668952], [-75.890496, 35.652259], [-75.892191, 35.643757], [-75.883725, 35.628931], [-75.892807, 35.600829], [-75.897393, 35.598053], [-75.883074, 35.58258], [-75.88237, 35.576117], [-75.894062, 35.575418], [-75.902896, 35.570802], [-75.904456, 35.564687], [-75.919677, 35.561508], [-75.920152, 35.553], [-75.908535, 35.552807], [-75.912784, 35.549713], [-75.912784, 35.544685], [-75.929897, 35.537529], [-75.943682, 35.536175], [-75.956279, 35.528632], [-75.955329, 35.522442], [-75.961652, 35.515339], [-75.971728, 35.518766], [-75.978383, 35.512962], [-75.980285, 35.507932], [-75.97054, 35.506771], [-75.963446, 35.500958], [-75.963054, 35.493903], [-75.988841, 35.484905], [-75.995653, 35.475355], [-75.999062, 35.457418], [-76.015699, 35.441735], [-76.013466, 35.427753], [-76.022659, 35.412194], [-76.031715, 35.413138], [-76.032574, 35.421594], [-76.039706, 35.430809], [-76.058711, 35.43465], [-76.06052, 35.430906], [-76.053947, 35.421225], [-76.062284, 35.420044], [-76.064899, 35.41772], [-76.06141, 35.413343], [-76.071222, 35.409846], [-76.069379, 35.397649], [-76.079635, 35.396798], [-76.083438, 35.390985], [-76.07607, 35.384397], [-76.063948, 35.38556], [-76.061809, 35.383235], [-76.066563, 35.380522], [-76.070841, 35.370638], [-76.078684, 35.372382], [-76.091281, 35.369475], [-76.096035, 35.360947], [-76.10269, 35.361334], [-76.112503, 35.355012], [-76.121942, 35.354162], [-76.136916, 35.358039], [-76.14262, 35.354938], [-76.137361, 35.344746], [-76.150856, 35.336891], [-76.151921, 35.331372], [-76.155672, 35.331564], [-76.156168, 35.337684], [-76.161635, 35.342918], [-76.174232, 35.34699], [-76.183501, 35.346602], [-76.187542, 35.341755], [-76.197286, 35.341755], [-76.203466, 35.337684], [-76.205843, 35.339622], [-76.204892, 35.345826], [-76.212023, 35.345826], [-76.221054, 35.340398], [-76.231512, 35.358815], [-76.249814, 35.367731], [-76.260034, 35.365405], [-76.260034, 35.358815], [-76.253073, 35.350017], [-76.25757, 35.344397], [-76.268115, 35.34001], [-76.305668, 35.354938], [-76.308758, 35.369669], [-76.32088, 35.370056], [-76.326109, 35.386335], [-76.344886, 35.392535], [-76.357483, 35.383622], [-76.343935, 35.356876], [-76.341558, 35.342337], [-76.35059, 35.339816], [-76.361048, 35.341561], [-76.376022, 35.335551], [-76.379587, 35.341561], [-76.37721, 35.358427], [-76.389332, 35.360365], [-76.39361, 35.35203], [-76.411911, 35.346408], [-76.411436, 35.361334], [-76.424297, 35.36505], [-76.419992, 35.374902], [-76.412862, 35.375677], [-76.382201, 35.368118], [-76.368178, 35.361141], [-76.363662, 35.364242], [-76.365326, 35.369669], [-76.361523, 35.373739], [-76.368416, 35.379165], [-76.367941, 35.382266], [-76.380538, 35.386141], [-76.385053, 35.384203], [-76.387193, 35.394473], [-76.395987, 35.40106], [-76.396224, 35.406872], [-76.388381, 35.407841], [-76.385291, 35.415008], [-76.388856, 35.425661], [-76.395511, 35.431665], [-76.417616, 35.42508], [-76.419517, 35.417914], [-76.437343, 35.403385], [-76.434966, 35.392729], [-76.438294, 35.388273], [-76.443523, 35.395054], [-76.450178, 35.394085], [-76.449702, 35.389629], [-76.454931, 35.391179], [-76.456595, 35.400092], [-76.460873, 35.403966], [-76.465627, 35.399704], [-76.471331, 35.404354], [-76.480838, 35.404548], [-76.48274, 35.402223], [-76.477511, 35.396604], [-76.469629, 35.373726], [-76.472274, 35.371375], [-76.490346, 35.377615], [-76.510311, 35.397379], [-76.517103, 35.394179], [-76.532177, 35.401254], [-76.540293, 35.410657], [-76.533762, 35.421999], [-76.533075, 35.43231], [-76.552455, 35.436869], [-76.565452, 35.44948], [-76.545725, 35.460903], [-76.562838, 35.475034], [-76.562125, 35.491291], [-76.580559, 35.500603], [-76.587081, 35.508899], [-76.536218, 35.50948], [-76.515777, 35.503675], [-76.490821, 35.504449], [-76.476707, 35.511707], [-76.46943, 35.519347], [-76.46697, 35.538931], [-76.452272, 35.553218], [-76.479933, 35.562852], [-76.492147, 35.572908], [-76.499257, 35.570318], [-76.502965, 35.575613], [-76.501593, 35.579723], [-76.506019, 35.581014], [-76.512678, 35.576265], [-76.519078, 35.578802], [-76.519287, 35.584839], [-76.524873, 35.585341], [-76.532542, 35.580912], [-76.538359, 35.582616], [-76.539571, 35.585734], [-76.532545, 35.593123], [-76.534313, 35.595594], [-76.542294, 35.599201], [-76.551061, 35.596632], [-76.554872, 35.600226], [-76.564183, 35.601305], [-76.577569, 35.611243], [-76.591579, 35.624114], [-76.606194, 35.646939], [-76.600308, 35.663963], [-76.601982, 35.670055], [-76.637513, 35.705215]]]]}}, {"id": "1361", "type": "Feature", "properties": {"GEOID": "37159", "NAME": "Rowan"}, "geometry": {"type": "Polygon", "coordinates": [[[-80.771582, 35.672163], [-80.707824, 35.852961], [-80.700233, 35.850463], [-80.696095, 35.854676], [-80.693411, 35.853639], [-80.691794, 35.863497], [-80.676845, 35.855845], [-80.668765, 35.856306], [-80.672975, 35.849638], [-80.671296, 35.846531], [-80.632024, 35.845714], [-80.63067, 35.838272], [-80.622171, 35.838826], [-80.611236, 35.831473], [-80.612253, 35.825077], [-80.609171, 35.823083], [-80.59472, 35.827404], [-80.591043, 35.81724], [-80.587097, 35.823022], [-80.574347, 35.817999], [-80.562687, 35.810247], [-80.554624, 35.800279], [-80.546671, 35.798218], [-80.542972, 35.792254], [-80.533404, 35.790807], [-80.532884, 35.785248], [-80.52096, 35.784443], [-80.508629, 35.77458], [-80.501692, 35.783133], [-80.497393, 35.782967], [-80.492602, 35.779707], [-80.486886, 35.766269], [-80.484775, 35.775586], [-80.478299, 35.774771], [-80.47182, 35.768356], [-80.468511, 35.756962], [-80.453409, 35.734515], [-80.441995, 35.734645], [-80.414077, 35.722588], [-80.394589, 35.724792], [-80.389581, 35.719755], [-80.372763, 35.716502], [-80.333789, 35.720033], [-80.324276, 35.70812], [-80.33444, 35.692112], [-80.330602, 35.678799], [-80.307258, 35.665678], [-80.304621, 35.65354], [-80.288293, 35.635337], [-80.264975, 35.629598], [-80.243447, 35.61443], [-80.231728, 35.596532], [-80.20886, 35.581334], [-80.206956, 35.573061], [-80.209794, 35.552263], [-80.199217, 35.545647], [-80.195514, 35.535917], [-80.197288, 35.529821], [-80.184843, 35.517991], [-80.182866, 35.503274], [-80.521818, 35.502253], [-80.737249, 35.505801], [-80.737293, 35.524897], [-80.742163, 35.540729], [-80.739797, 35.544145], [-80.771582, 35.672163]]]}}, {"id": "1379", "type": "Feature", "properties": {"GEOID": "37115", "NAME": "Madison"}, "geometry": {"type": "Polygon", "coordinates": [[[-82.962206, 35.792755], [-82.961724, 35.800491], [-82.945515, 35.824662], [-82.937437, 35.82732], [-82.931859, 35.836351], [-82.916551, 35.841369], [-82.920974, 35.851073], [-82.920609, 35.868472], [-82.901301, 35.872593], [-82.896324, 35.8803], [-82.903561, 35.880378], [-82.906528, 35.884089], [-82.901843, 35.89293], [-82.908417, 35.905074], [-82.906917, 35.907397], [-82.914503, 35.915154], [-82.911695, 35.916753], [-82.913337, 35.924113], [-82.92001, 35.928422], [-82.901623, 35.927384], [-82.899007, 35.930381], [-82.901713, 35.937713], [-82.898505, 35.945101], [-82.874159, 35.952698], [-82.860724, 35.94743], [-82.849849, 35.947772], [-82.828933, 35.932932], [-82.821861, 35.921839], [-82.804997, 35.927168], [-82.802769, 35.930129], [-82.805851, 35.937938], [-82.787465, 35.952163], [-82.784536, 35.963905], [-82.777751, 35.966912], [-82.774905, 35.971978], [-82.785558, 35.977795], [-82.785267, 35.987927], [-82.776001, 36.000103], [-82.750065, 36.006004], [-82.731865, 36.017604], [-82.715965, 36.022804], [-82.715165, 36.028604], [-82.688865, 36.038604], [-82.683565, 36.046104], [-82.650165, 36.057805], [-82.637165, 36.065805], [-82.632265, 36.065705], [-82.618664, 36.056105], [-82.618164, 36.047005], [-82.609663, 36.044906], [-82.601763, 36.036006], [-82.590963, 36.033606], [-82.601763, 36.024307], [-82.602864, 36.017907], [-82.608263, 36.015307], [-82.608462, 36.008307], [-82.614362, 36.003506], [-82.613028, 35.994], [-82.606944, 35.99217], [-82.604239, 35.987319], [-82.610885, 35.974442], [-82.610889, 35.967409], [-82.60037, 35.964626], [-82.581003, 35.965557], [-82.57517, 35.958384], [-82.557874, 35.953901], [-82.549682, 35.964275], [-82.542463, 35.967994], [-82.5054541504531, 35.9776714603071], [-82.500793, 35.965854], [-82.496495, 35.962669], [-82.496708, 35.956973], [-82.480322, 35.949874], [-82.498508, 35.930295], [-82.497893, 35.925217], [-82.490514, 35.921372], [-82.494934, 35.910275], [-82.486498, 35.907185], [-82.475065, 35.909241], [-82.464026, 35.900019], [-82.448661, 35.896852], [-82.439228, 35.87922], [-82.423563, 35.869396], [-82.42482, 35.860882], [-82.417506, 35.859238], [-82.419636, 35.843335], [-82.416298, 35.829324], [-82.412048, 35.826764], [-82.413953, 35.819839], [-82.408602, 35.818178], [-82.41788, 35.813359], [-82.427365, 35.813766], [-82.435806, 35.808566], [-82.464111, 35.809292], [-82.465159, 35.801796], [-82.475798, 35.798328], [-82.514652, 35.803243], [-82.535687, 35.791067], [-82.539881, 35.791687], [-82.667701, 35.73778], [-82.668691, 35.73469], [-82.67703, 35.734854], [-82.669248, 35.729767], [-82.669774, 35.725771], [-82.68526, 35.726964], [-82.694719, 35.735033], [-82.711862, 35.733038], [-82.710349, 35.728342], [-82.71349, 35.726894], [-82.708895, 35.72553], [-82.713764, 35.717824], [-82.720507, 35.715553], [-82.731146, 35.722248], [-82.736526, 35.71655], [-82.733409, 35.713855], [-82.749164, 35.712536], [-82.751755, 35.710492], [-82.74998, 35.706458], [-82.754039, 35.703521], [-82.768929, 35.698442], [-82.775496, 35.699975], [-82.792759, 35.696653], [-82.797751, 35.689204], [-82.80468, 35.686176], [-82.823978, 35.688398], [-82.839149, 35.693717], [-82.842379, 35.699271], [-82.849216, 35.701495], [-82.85408, 35.699452], [-82.856916, 35.693541], [-82.871101, 35.688925], [-82.883909, 35.678235], [-82.901071, 35.684929], [-82.898578, 35.70347], [-82.910409, 35.716184], [-82.906717, 35.720235], [-82.907744, 35.727994], [-82.91765, 35.744808], [-82.936133, 35.744836], [-82.947879, 35.738945], [-82.957072, 35.7467], [-82.956901, 35.757254], [-82.952688, 35.759097], [-82.949991, 35.774487], [-82.962206, 35.792755]]]}}, {"id": "1384", "type": "Feature", "properties": {"GEOID": "37049", "NAME": "Craven"}, "geometry": {"type": "Polygon", "coordinates": [[[-77.473692, 35.228985], [-77.465616, 35.234618], [-77.464316, 35.239155], [-77.432566, 35.250177], [-77.425676, 35.258822], [-77.437656, 35.276987], [-77.43993, 35.289593], [-77.449613, 35.299457], [-77.440624, 35.303476], [-77.438432, 35.311805], [-77.431091, 35.313008], [-77.431253, 35.32983], [-77.415187, 35.330421], [-77.414684, 35.333819], [-77.410498, 35.331868], [-77.410923, 35.337799], [-77.395158, 35.343024], [-77.382577, 35.334348], [-77.35038, 35.328431], [-77.29434, 35.379137], [-77.279892, 35.375837], [-77.269292, 35.369153], [-77.270248, 35.359697], [-77.266062, 35.35364], [-77.260302, 35.35167], [-77.247896, 35.354415], [-77.238369, 35.362015], [-77.236847, 35.371587], [-77.239649, 35.381361], [-77.234327, 35.391234], [-77.227922, 35.392309], [-77.227127, 35.399845], [-77.217876, 35.401643], [-77.211216, 35.398184], [-77.201559, 35.398664], [-77.189115, 35.418362], [-76.958809, 35.300957], [-76.895919, 35.253889], [-76.906165, 35.235921], [-76.93259, 35.230286], [-76.942548, 35.219688], [-76.944596, 35.210848], [-76.959481, 35.202843], [-76.966397, 35.182515], [-76.97035, 35.179148], [-76.970511, 35.161853], [-76.976877, 35.155472], [-76.987537, 35.154267], [-76.984901, 35.145062], [-76.975854, 35.133678], [-76.943546, 35.121306], [-76.940819, 35.119103], [-76.941954, 35.115498], [-76.931113, 35.117198], [-76.937414, 35.114961], [-76.933869, 35.106575], [-76.940208, 35.10297], [-76.93676, 35.101511], [-76.937982, 35.085044], [-76.933295, 35.080155], [-76.937429, 35.076118], [-76.936149, 35.06191], [-76.942861, 35.051358], [-76.9487988184339, 35.0514545593768], [-76.95287, 35.057223], [-76.972598, 35.056445], [-76.987572, 35.065589], [-76.987334, 35.069285], [-76.997792, 35.076677], [-77.010389, 35.101182], [-77.018945, 35.102738], [-77.017282, 35.111487], [-77.030354, 35.133066], [-77.053884, 35.147449], [-77.06149, 35.144145], [-77.051968, 35.134453], [-77.052696, 35.127235], [-77.043189, 35.121792], [-77.03462, 35.11119], [-77.034394, 35.10371], [-77.037722, 35.099237], [-77.033919, 35.092237], [-77.025363, 35.083485], [-77.016331, 35.080373], [-77.014667, 35.068118], [-76.989263, 35.043792], [-76.979966, 35.009153], [-76.970459, 34.997277], [-76.951682, 34.987152], [-76.935757, 34.97313], [-76.895827, 34.957743], [-76.894639, 34.950535], [-76.889172, 34.948197], [-76.868256, 34.947613], [-76.847816, 34.936313], [-76.827375, 34.941184], [-76.811213, 34.939235], [-76.760825, 34.915851], [-76.753457, 34.9178], [-76.752506, 34.921893], [-76.745376, 34.922282], [-76.745614, 34.930272], [-76.726599, 34.927934], [-76.718043, 34.936118], [-76.707585, 34.954236], [-76.699979, 34.956769], [-76.679776, 34.953847], [-76.6772373782154, 34.9577117788815], [-76.652571, 34.937595], [-76.660633, 34.915578], [-76.669567, 34.905135], [-76.686263, 34.895371], [-76.693018, 34.86918], [-76.758008, 34.846285], [-76.76643, 34.848795], [-76.883052, 34.844896], [-76.882306, 34.836685], [-76.954773, 34.824508], [-76.954438, 34.809066], [-77.078263, 34.811322], [-77.047249, 34.836416], [-77.108851, 34.83078], [-77.103101, 35.01707], [-77.098889, 35.027152], [-77.106465, 35.034295], [-77.110185, 35.045512], [-77.107869, 35.054254], [-77.109618, 35.068537], [-77.116065, 35.074107], [-77.118139, 35.071639], [-77.130521, 35.072304], [-77.135354, 35.06411], [-77.145191, 35.060066], [-77.149594, 35.056572], [-77.148345, 35.054675], [-77.151939, 35.054826], [-77.149857, 35.057609], [-77.155254, 35.062647], [-77.164511, 35.065485], [-77.168445, 35.060562], [-77.1804, 35.055342], [-77.173874, 35.05912], [-77.179259, 35.058345], [-77.189422, 35.06667], [-77.191025, 35.076544], [-77.187679, 35.081086], [-77.329244, 35.149829], [-77.473692, 35.228985]]]}}, {"id": "1517", "type": "Feature", "properties": {"GEOID": "37179", "NAME": "Union"}, "geometry": {"type": "Polygon", "coordinates": [[[-80.8403664538681, 35.0016161140946], [-80.804506, 35.027749], [-80.767555, 35.036286], [-80.550349, 35.208412], [-80.489843, 35.175795], [-80.478975, 35.179314], [-80.476224, 35.171801], [-80.47038, 35.167251], [-80.463543, 35.170327], [-80.459347, 35.165077], [-80.447229, 35.164796], [-80.439865, 35.161042], [-80.419262, 35.172864], [-80.411497, 35.163318], [-80.403267, 35.167244], [-80.388328, 35.165862], [-80.370975, 35.179702], [-80.360568, 35.166627], [-80.354661, 35.165495], [-80.340355, 35.174148], [-80.328245, 35.176664], [-80.321668, 35.173069], [-80.320931, 35.178725], [-80.305713, 35.181761], [-80.303134, 35.188725], [-80.294405, 35.19437], [-80.287094, 35.191427], [-80.276829, 35.195722], [-80.3208073604558, 34.814081463212], [-80.797543, 34.819786], [-80.782042, 34.935782], [-80.8403664538681, 35.0016161140946]]]}}, {"id": "1518", "type": "Feature", "properties": {"GEOID": "37187", "NAME": "Washington"}, "geometry": {"type": "Polygon", "coordinates": [[[-76.847264, 35.719982], [-76.831328, 35.730702], [-76.832566, 35.736741], [-76.825926, 35.740172], [-76.825264, 35.744841], [-76.817399, 35.748075], [-76.819759, 35.755022], [-76.815097, 35.761421], [-76.808603, 35.763914], [-76.803325, 35.772952], [-76.803457, 35.78393], [-76.792961, 35.789905], [-76.793667, 35.79559], [-76.802573, 35.805238], [-76.796551, 35.816437], [-76.78273, 35.824194], [-76.784708, 35.832957], [-76.789211, 35.8376], [-76.780623, 35.85387], [-76.776404, 35.858689], [-76.752999, 35.8668], [-76.739135, 35.876594], [-76.731067, 35.888425], [-76.719989, 35.917259], [-76.711061, 35.922779], [-76.701374, 35.92302], [-76.6930493376253, 35.9424477723573], [-76.662426, 35.932072], [-76.639808, 35.936457], [-76.609592, 35.935692], [-76.603841, 35.939827], [-76.587167, 35.941479], [-76.553806, 35.940155], [-76.528552, 35.944039], [-76.507492, 35.949831], [-76.490108, 35.959781], [-76.47448, 35.960173], [-76.458496, 35.96786], [-76.399552, 35.982094], [-76.384103, 35.971515], [-76.384103, 35.966321], [-76.374892, 35.955412], [-76.382201, 35.948237], [-76.374596, 35.943619], [-76.370793, 35.934382], [-76.3662209340871, 35.9347578498101], [-76.380009, 35.914666], [-76.369646, 35.883233], [-76.360222, 35.87557], [-76.353554, 35.861301], [-76.405603, 35.786294], [-76.405971, 35.697579], [-76.545621, 35.705084], [-76.84462, 35.705719], [-76.847264, 35.719982]]]}}, {"id": "1529", "type": "Feature", "properties": {"GEOID": "37171", "NAME": "Surry"}, "geometry": {"type": "Polygon", "coordinates": [[[-80.973643, 36.453474], [-80.963878, 36.459276], [-80.927048, 36.5011], [-80.921387, 36.525847], [-80.917535, 36.524113], [-80.9016647889236, 36.5617484850782], [-80.837641, 36.559118], [-80.704831, 36.562319], [-80.4403411541913, 36.5506401560323], [-80.447632, 36.423699], [-80.452656, 36.241651], [-80.460213, 36.246999], [-80.464377, 36.258399], [-80.471041, 36.260964], [-80.477072, 36.260675], [-80.48305, 36.256037], [-80.50517, 36.259916], [-80.534177, 36.258505], [-80.537411, 36.26381], [-80.53703, 36.279957], [-80.548004, 36.285419], [-80.575179, 36.279427], [-80.592795, 36.26986], [-80.628209, 36.287929], [-80.631421, 36.284218], [-80.626721, 36.274913], [-80.642986, 36.272649], [-80.647725, 36.257312], [-80.65329, 36.252635], [-80.673155, 36.252221], [-80.678402, 36.263708], [-80.684583, 36.268751], [-80.701507, 36.266035], [-80.719535, 36.270005], [-80.733992, 36.267528], [-80.732278, 36.277138], [-80.737283, 36.280363], [-80.752346, 36.263308], [-80.768729, 36.275003], [-80.776458, 36.273614], [-80.780161, 36.267672], [-80.77838, 36.256927], [-80.797168, 36.247959], [-80.808357, 36.254341], [-80.873205, 36.236305], [-80.868746, 36.326447], [-80.893075, 36.340945], [-80.905784, 36.361099], [-80.917634, 36.367615], [-80.922285, 36.36472], [-80.931386, 36.366939], [-80.955437, 36.384462], [-80.957294, 36.387705], [-80.954905, 36.39369], [-80.967153, 36.40202], [-80.947182, 36.419074], [-80.973643, 36.453474]]]}}, {"id": "1530", "type": "Feature", "properties": {"GEOID": "37033", "NAME": "Caswell"}, "geometry": {"type": "Polygon", "coordinates": [[[-79.531865, 36.249673], [-79.5136470557863, 36.5407578620674], [-79.1383311871639, 36.541738061605], [-79.153997, 36.241875], [-79.531865, 36.249673]]]}}, {"id": "1542", "type": "Feature", "properties": {"GEOID": "37005", "NAME": "Alleghany"}, "geometry": {"type": "Polygon", "coordinates": [[[-81.3532592063955, 36.5747234125838], [-81.176712, 36.571926], [-80.9016647889236, 36.5617484850782], [-80.917535, 36.524113], [-80.921387, 36.525847], [-80.927048, 36.5011], [-80.963878, 36.459276], [-80.973643, 36.453474], [-80.947182, 36.419074], [-80.970213, 36.396471], [-80.984198, 36.388464], [-80.979433, 36.378842], [-80.981373, 36.37616], [-80.994653, 36.379399], [-81.013613, 36.37127], [-81.026688, 36.373195], [-81.043789, 36.393323], [-81.044272, 36.411063], [-81.077794, 36.417806], [-81.08354, 36.432698], [-81.0948, 36.440408], [-81.128398, 36.425899], [-81.132802, 36.415313], [-81.138242, 36.412479], [-81.142528, 36.419094], [-81.147653, 36.419181], [-81.149112, 36.425251], [-81.162956, 36.432515], [-81.189256, 36.399351], [-81.212588, 36.385554], [-81.220168, 36.377603], [-81.230827, 36.374984], [-81.243523, 36.366057], [-81.253552, 36.366622], [-81.245958, 36.373918], [-81.245549, 36.391218], [-81.264567, 36.410254], [-81.263761, 36.428929], [-81.272081, 36.446848], [-81.286767, 36.461451], [-81.29694, 36.465241], [-81.299727, 36.475067], [-81.322575, 36.495826], [-81.328339, 36.517333], [-81.348101, 36.541924], [-81.345888, 36.551529], [-81.348645, 36.552308], [-81.35315, 36.546077], [-81.3532592063955, 36.5747234125838]]]}}, {"id": "1543", "type": "Feature", "properties": {"GEOID": "37073", "NAME": "Gates"}, "geometry": {"type": "Polygon", "coordinates": [[[-76.95045, 36.471023], [-76.934362, 36.471269], [-76.934523, 36.484696], [-76.925261, 36.488262], [-76.919357, 36.505403], [-76.913344, 36.504114], [-76.906462, 36.510692], [-76.903135, 36.519096], [-76.905063, 36.522567], [-76.916618, 36.530883], [-76.922154, 36.528787], [-76.924991, 36.530744], [-76.920008, 36.532339], [-76.921464, 36.538449], [-76.916383, 36.538725], [-76.914111, 36.542194], [-76.917318, 36.546046], [-76.915897, 36.552093], [-76.5415364676522, 36.5503132587206], [-76.491336, 36.510677], [-76.491405, 36.468648], [-76.453711, 36.378092], [-76.556881, 36.355204], [-76.570756, 36.334295], [-76.586214, 36.333474], [-76.592786, 36.330292], [-76.596603, 36.323259], [-76.64001, 36.329408], [-76.64255, 36.319544], [-76.649884, 36.317751], [-76.651565, 36.310615], [-76.654399, 36.310609], [-76.654313, 36.314191], [-76.669975, 36.315214], [-76.674906, 36.308954], [-76.673019, 36.306473], [-76.675894, 36.306346], [-76.67258, 36.303275], [-76.696571, 36.296138], [-76.71331, 36.305579], [-76.735329, 36.324061], [-76.7602, 36.351672], [-76.768545, 36.353747], [-76.779467, 36.362469], [-76.794617, 36.359703], [-76.822691, 36.364447], [-76.83917, 36.374404], [-76.882244, 36.382861], [-76.893605, 36.390128], [-76.905747, 36.390058], [-76.934333, 36.402479], [-76.94706, 36.415404], [-76.945304, 36.442346], [-76.94893, 36.455964], [-76.946755, 36.464683], [-76.95045, 36.471023]]]}}, {"id": "1587", "type": "Feature", "properties": {"GEOID": "37025", "NAME": "Cabarrus"}, "geometry": {"type": "Polygon", "coordinates": [[[-80.787091, 35.494916], [-80.784167, 35.506017], [-80.521818, 35.502253], [-80.295421, 35.50292], [-80.484356, 35.216368], [-80.483403, 35.212428], [-80.505129, 35.194371], [-80.504985, 35.184998], [-80.667093, 35.26879], [-80.693061, 35.346379], [-80.74441, 35.380667], [-80.755309, 35.394823], [-80.766414, 35.401478], [-80.763549, 35.412099], [-80.752167, 35.41405], [-80.787091, 35.494916]]]}}, {"id": "1588", "type": "Feature", "properties": {"GEOID": "37059", "NAME": "Davie"}, "geometry": {"type": "Polygon", "coordinates": [[[-80.707275, 35.851932], [-80.693197, 36.05126], [-80.496283, 36.046545], [-80.490207, 36.043023], [-80.474722, 36.050394], [-80.473021, 36.060316], [-80.463795, 36.062578], [-80.441892, 36.030643], [-80.417916, 36.015549], [-80.413533, 36.000978], [-80.421773, 35.994232], [-80.421164, 35.987273], [-80.378001, 35.962207], [-80.374166, 35.953123], [-80.375024, 35.938781], [-80.368344, 35.92758], [-80.374875, 35.911331], [-80.36523, 35.894814], [-80.36756, 35.88916], [-80.372646, 35.884466], [-80.392832, 35.89248], [-80.407859, 35.891481], [-80.416533, 35.880469], [-80.389674, 35.867593], [-80.385768, 35.853628], [-80.389501, 35.843969], [-80.397617, 35.841204], [-80.420733, 35.852662], [-80.424194, 35.851047], [-80.428734, 35.830787], [-80.432642, 35.828126], [-80.446444, 35.83666], [-80.455168, 35.827282], [-80.462556, 35.826964], [-80.476813, 35.843848], [-80.487419, 35.833601], [-80.472337, 35.825543], [-80.464449, 35.804983], [-80.467055, 35.800487], [-80.473851, 35.797995], [-80.476702, 35.789093], [-80.453489, 35.771648], [-80.450625, 35.766049], [-80.458616, 35.75088], [-80.458923, 35.742758], [-80.468511, 35.756962], [-80.47182, 35.768356], [-80.478299, 35.774771], [-80.484775, 35.775586], [-80.486886, 35.766269], [-80.492602, 35.779707], [-80.497393, 35.782967], [-80.501692, 35.783133], [-80.508629, 35.77458], [-80.52096, 35.784443], [-80.532884, 35.785248], [-80.533404, 35.790807], [-80.542972, 35.792254], [-80.546671, 35.798218], [-80.554624, 35.800279], [-80.562687, 35.810247], [-80.574347, 35.817999], [-80.587097, 35.823022], [-80.591043, 35.81724], [-80.59472, 35.827404], [-80.609171, 35.823083], [-80.612253, 35.825077], [-80.611236, 35.831473], [-80.622171, 35.838826], [-80.63067, 35.838272], [-80.632024, 35.845714], [-80.671296, 35.846531], [-80.672975, 35.849638], [-80.668765, 35.856306], [-80.676845, 35.855845], [-80.691794, 35.863497], [-80.693411, 35.853639], [-80.696095, 35.854676], [-80.700233, 35.850463], [-80.707275, 35.851932]]]}}, {"id": "1596", "type": "Feature", "properties": {"GEOID": "37105", "NAME": "Lee"}, "geometry": {"type": "Polygon", "coordinates": [[[-79.359898, 35.477543], [-79.35188, 35.477477], [-79.33592, 35.497754], [-79.339523, 35.505144], [-79.351412, 35.514659], [-79.348771, 35.519612], [-79.333673, 35.525306], [-79.321927, 35.524638], [-79.310982, 35.531973], [-79.323909, 35.543839], [-79.312099, 35.545], [-79.299932, 35.553286], [-79.284598, 35.554999], [-79.282125, 35.551525], [-79.290936, 35.545398], [-79.290087, 35.539737], [-79.275541, 35.531779], [-79.267621, 35.532686], [-79.245199, 35.552961], [-79.242838, 35.559928], [-79.244565, 35.569323], [-79.22048, 35.567442], [-79.220243, 35.561433], [-79.226585, 35.553666], [-79.223921, 35.550773], [-79.199886, 35.558558], [-79.201233, 35.576234], [-79.186772, 35.579896], [-79.157888, 35.603595], [-79.15006, 35.617059], [-79.141971, 35.623072], [-79.127006, 35.623726], [-79.119236, 35.628287], [-79.11226, 35.622948], [-79.100144, 35.623613], [-79.068679, 35.608942], [-79.052552, 35.596129], [-79.045615, 35.568383], [-79.024001, 35.548377], [-79.014692, 35.543696], [-78.990848, 35.54019], [-78.96964, 35.521669], [-79.183556, 35.307161], [-79.221976, 35.324337], [-79.254266, 35.343291], [-79.265713, 35.345279], [-79.27332, 35.352286], [-79.271843, 35.362184], [-79.289561, 35.400439], [-79.30462, 35.404956], [-79.311635, 35.409923], [-79.317379, 35.419923], [-79.330242, 35.424554], [-79.326686, 35.434896], [-79.342047, 35.449022], [-79.346089, 35.456913], [-79.350454, 35.457923], [-79.348219, 35.463279], [-79.355183, 35.464634], [-79.355756, 35.469641], [-79.359765, 35.469675], [-79.356604, 35.47342], [-79.359898, 35.477543]]]}}, {"id": "1597", "type": "Feature", "properties": {"GEOID": "37189", "NAME": "Watauga"}, "geometry": {"type": "Polygon", "coordinates": [[[-81.9181112586581, 36.2871132062802], [-81.908137, 36.302013], [-81.879382, 36.313767], [-81.857333, 36.334787], [-81.833202, 36.347339], [-81.812904, 36.351066], [-81.793597, 36.362209], [-81.789385, 36.348154], [-81.778913, 36.34864], [-81.764927, 36.338672], [-81.744461, 36.337778], [-81.735957, 36.342987], [-81.71831, 36.336055], [-81.707438, 36.335171], [-81.705299, 36.341852], [-81.707785, 36.346007], [-81.721455, 36.351167], [-81.726082, 36.368893], [-81.734611, 36.37957], [-81.7285855479342, 36.3912187212075], [-81.638186, 36.349606], [-81.590142, 36.304031], [-81.566119, 36.272037], [-81.552237, 36.276387], [-81.532618, 36.26571], [-81.521685, 36.255329], [-81.515132, 36.256894], [-81.486319, 36.241256], [-81.477516, 36.24025], [-81.475012, 36.231709], [-81.465696, 36.227098], [-81.461807, 36.206089], [-81.455792, 36.200441], [-81.500366, 36.142527], [-81.545488, 36.117475], [-81.660632, 36.118399], [-81.674833, 36.122619], [-81.811522, 36.111459], [-81.829377, 36.169011], [-81.835072, 36.168788], [-81.856781, 36.19368], [-81.885383, 36.189451], [-81.888324, 36.196607], [-81.907628, 36.214073], [-81.907448, 36.22374], [-81.911197, 36.229276], [-81.907742, 36.238638], [-81.897026, 36.242738], [-81.903959, 36.251149], [-81.89606, 36.256318], [-81.897097, 36.261796], [-81.893489, 36.264531], [-81.900499, 36.281094], [-81.908093, 36.278917], [-81.9181112586581, 36.2871132062802]]]}}, {"id": "1606", "type": "Feature", "properties": {"GEOID": "37069", "NAME": "Franklin"}, "geometry": {"type": "Polygon", "coordinates": [[[-78.546414, 36.021826], [-78.544817, 36.080673], [-78.492795, 36.183944], [-78.484958, 36.179384], [-78.484668, 36.174758], [-78.460686, 36.169965], [-78.457611, 36.16366], [-78.449707, 36.169088], [-78.421404, 36.164488], [-78.422204, 36.167827], [-78.412095, 36.169597], [-78.37814, 36.235065], [-78.338135, 36.234448], [-78.306965, 36.266191], [-78.22488, 36.256553], [-78.215844, 36.251925], [-78.198481, 36.251611], [-78.19428, 36.246839], [-78.172845, 36.255342], [-78.156983, 36.244416], [-78.132739, 36.246281], [-78.12497, 36.235242], [-78.125704, 36.226325], [-78.117347, 36.222585], [-78.114214, 36.216187], [-78.110935, 36.216419], [-78.109778, 36.210163], [-78.098244, 36.210767], [-78.091751, 36.207738], [-78.083226, 36.212623], [-78.077258, 36.211417], [-78.071267, 36.21638], [-78.057071, 36.211082], [-78.044909, 36.215464], [-78.045429, 36.212546], [-78.037253, 36.210367], [-78.035919, 36.207203], [-78.031178, 36.209005], [-78.030785, 36.214404], [-78.022338, 36.205445], [-78.016875, 36.207794], [-78.006551, 36.202633], [-78.182182, 35.938758], [-78.255973, 35.81812], [-78.254434, 35.82911], [-78.269417, 35.844442], [-78.278014, 35.867335], [-78.291295, 35.880682], [-78.295054, 35.881115], [-78.307207, 35.896588], [-78.319631, 35.894529], [-78.3285, 35.896726], [-78.335508, 35.905819], [-78.350974, 35.910124], [-78.353277, 35.931056], [-78.394331, 35.936876], [-78.426864, 35.975012], [-78.546414, 36.021826]]]}}, {"id": "1607", "type": "Feature", "properties": {"GEOID": "37195", "NAME": "Wilson"}, "geometry": {"type": "Polygon", "coordinates": [[[-78.192117, 35.730545], [-78.181972, 35.737956], [-78.147209, 35.745769], [-77.897358, 35.843853], [-77.873867, 35.849731], [-77.853453, 35.843983], [-77.844737, 35.837618], [-77.828444, 35.867208], [-77.751339, 35.827794], [-77.75042, 35.817878], [-77.718414, 35.728802], [-77.674837, 35.689104], [-77.665131, 35.674935], [-77.80623, 35.583474], [-77.816456, 35.588371], [-77.822511, 35.585383], [-77.998446, 35.585614], [-78.058006, 35.597806], [-78.064784, 35.585263], [-78.125587, 35.603111], [-78.157521, 35.685261], [-78.161342, 35.698153], [-78.161255, 35.712871], [-78.175996, 35.718418], [-78.176418, 35.724862], [-78.182305, 35.728871], [-78.192117, 35.730545]]]}}, {"id": "1616", "type": "Feature", "properties": {"GEOID": "37181", "NAME": "Vance"}, "geometry": {"type": "Polygon", "coordinates": [[[-78.511224, 36.454808], [-78.500929, 36.486957], [-78.504187, 36.489582], [-78.504203, 36.495161], [-78.495041, 36.507964], [-78.497783, 36.514477], [-78.493325, 36.518307], [-78.483768, 36.516971], [-78.470025, 36.524967], [-78.466573, 36.523977], [-78.469313, 36.526685], [-78.467351, 36.531812], [-78.455857, 36.533415], [-78.453543, 36.539602], [-78.4569670005471, 36.54247404051], [-78.3239883198677, 36.5438082240453], [-78.277165, 36.306132], [-78.314801, 36.256171], [-78.338135, 36.234448], [-78.37814, 36.235065], [-78.412095, 36.169597], [-78.422204, 36.167827], [-78.421404, 36.164488], [-78.449707, 36.169088], [-78.457611, 36.16366], [-78.460686, 36.169965], [-78.484668, 36.174758], [-78.484958, 36.179384], [-78.492795, 36.183944], [-78.496614, 36.175199], [-78.508331, 36.182956], [-78.511224, 36.454808]]]}}, {"id": "1733", "type": "Feature", "properties": {"GEOID": "37149", "NAME": "Polk"}, "geometry": {"type": "Polygon", "coordinates": [[[-82.359247, 35.229926], [-82.359152, 35.244489], [-82.349653, 35.244305], [-82.346141, 35.285992], [-82.330266, 35.303044], [-82.329503, 35.307633], [-82.318226, 35.306804], [-82.310429, 35.314708], [-82.311281, 35.320094], [-82.307874, 35.322391], [-82.308142, 35.326991], [-82.305681, 35.326818], [-82.305265, 35.33263], [-82.297807, 35.336372], [-82.290008, 35.353837], [-82.279875, 35.364931], [-82.28139, 35.367454], [-82.261463, 35.388449], [-82.261305, 35.393198], [-82.239115, 35.402557], [-82.220543, 35.394636], [-82.209018, 35.397669], [-82.204552, 35.40363], [-82.197102, 35.402104], [-82.195251, 35.397967], [-82.18515, 35.396619], [-82.171609, 35.409318], [-82.160038, 35.409354], [-82.151535, 35.407581], [-82.141736, 35.399142], [-82.1276, 35.396161], [-82.119619, 35.387929], [-82.109418, 35.383316], [-82.105244, 35.367214], [-82.097187, 35.36988], [-82.088622, 35.355819], [-82.079662, 35.352978], [-82.077075, 35.341973], [-82.067969, 35.339219], [-82.064885, 35.334621], [-82.053984, 35.335425], [-82.047162, 35.327085], [-82.046194, 35.320699], [-82.031504, 35.309378], [-82.029517, 35.301502], [-82.023312, 35.29829], [-82.016757, 35.299152], [-82.014716, 35.291954], [-82.000653, 35.282541], [-81.995719, 35.270615], [-81.968788, 35.257764], [-81.969007, 35.252442], [-81.963869, 35.24945], [-81.965679, 35.231062], [-81.962806, 35.22686], [-81.970882, 35.211589], [-81.9693458232069, 35.1872287391339], [-82.176874, 35.19379], [-82.27492, 35.200071], [-82.314863, 35.191089], [-82.32335, 35.184789], [-82.330549, 35.186767], [-82.332975, 35.190645], [-82.339508, 35.18893], [-82.344554, 35.193115], [-82.3536543147338, 35.1922225810449], [-82.350931, 35.228288], [-82.359247, 35.229926]]]}}, {"id": "1745", "type": "Feature", "properties": {"GEOID": "37071", "NAME": "Gaston"}, "geometry": {"type": "Polygon", "coordinates": [[[-81.4556, 35.419811], [-80.95486, 35.400078], [-80.957546, 35.391024], [-80.985586, 35.381098], [-80.9837, 35.368351], [-80.97327, 35.36419], [-80.961267, 35.375455], [-80.951611, 35.367287], [-80.923042, 35.359917], [-80.943632, 35.350582], [-80.956403, 35.350258], [-80.962141, 35.347046], [-80.967088, 35.350794], [-80.97267, 35.350257], [-80.974434, 35.34539], [-80.984894, 35.340059], [-80.981687, 35.327216], [-81.000873, 35.305379], [-81.01505, 35.268655], [-81.014111, 35.258513], [-81.008268, 35.248056], [-81.014127, 35.22196], [-81.005268, 35.207686], [-81.00614, 35.195082], [-81.002387, 35.180817], [-81.007306, 35.165175], [-81.005806, 35.157023], [-81.00951, 35.153126], [-81.017112, 35.154318], [-81.024721, 35.148877], [-81.031371, 35.148443], [-81.3280393754573, 35.163405284384], [-81.323668, 35.189605], [-81.324261, 35.241118], [-81.321729, 35.260449], [-81.355773, 35.280829], [-81.356095, 35.297701], [-81.3666, 35.314857], [-81.363631, 35.323695], [-81.356682, 35.330604], [-81.398924, 35.353138], [-81.4556, 35.419811]]]}}, {"id": "1746", "type": "Feature", "properties": {"GEOID": "37011", "NAME": "Avery"}, "geometry": {"type": "Polygon", "coordinates": [[[-82.080944957901, 36.1057614805811], [-82.061342, 36.113121], [-82.054142, 36.126821], [-82.033141, 36.120422], [-82.02874, 36.124322], [-81.9181112586581, 36.2871132062802], [-81.908093, 36.278917], [-81.900499, 36.281094], [-81.893489, 36.264531], [-81.897097, 36.261796], [-81.89606, 36.256318], [-81.903959, 36.251149], [-81.897026, 36.242738], [-81.907742, 36.238638], [-81.911197, 36.229276], [-81.907448, 36.22374], [-81.909008, 36.216392], [-81.904053, 36.209126], [-81.888324, 36.196607], [-81.885383, 36.189451], [-81.856781, 36.19368], [-81.835072, 36.168788], [-81.829377, 36.169011], [-81.811522, 36.111459], [-81.785722, 36.100456], [-81.775478, 36.099276], [-81.76114, 36.090129], [-81.758517, 36.077164], [-81.753671, 36.07265], [-81.745059, 36.072943], [-81.735673, 36.067584], [-81.807162, 35.961955], [-81.817431, 35.968368], [-81.833221, 35.967509], [-81.836327, 35.972006], [-81.844536, 35.974976], [-81.870031, 35.976306], [-81.877517, 35.981159], [-81.877762, 35.989046], [-81.881386, 35.992932], [-81.899871, 35.999909], [-81.962987, 35.941783], [-81.962607, 35.938101], [-81.954698, 35.932326], [-81.954602, 35.926649], [-81.981954, 35.911361], [-82.034104, 35.942057], [-82.048433, 35.964046], [-82.059039, 35.991001], [-82.055113, 35.999476], [-82.048803, 36.001968], [-82.049298, 36.007927], [-82.039175, 36.007774], [-82.071934, 36.069874], [-82.069781, 36.076897], [-82.076845, 36.085073], [-82.075823, 36.095728], [-82.081004, 36.100939], [-82.080944957901, 36.1057614805811]]]}}, {"id": "1758", "type": "Feature", "properties": {"GEOID": "37143", "NAME": "Perquimans"}, "geometry": {"type": "Polygon", "coordinates": [[[-76.590107, 36.238862], [-76.587079, 36.24892], [-76.572613, 36.258073], [-76.565631, 36.292992], [-76.567893, 36.314554], [-76.561654, 36.322545], [-76.561247, 36.344521], [-76.556881, 36.355204], [-76.453711, 36.378092], [-76.447503, 36.363553], [-76.40173, 36.301619], [-76.394252, 36.295715], [-76.391771, 36.287307], [-76.375608, 36.273584], [-76.377765, 36.268573], [-76.37488, 36.258654], [-76.347449, 36.249789], [-76.340612, 36.241425], [-76.332545, 36.244414], [-76.317729, 36.240409], [-76.314674, 36.232711], [-76.307319, 36.230391], [-76.303322, 36.221714], [-76.290671, 36.223497], [-76.289603, 36.217882], [-76.285035, 36.215788], [-76.288309, 36.213821], [-76.286521, 36.209826], [-76.279305, 36.198244], [-76.272786, 36.194079], [-76.278811, 36.188003], [-76.277147, 36.180713], [-76.270016, 36.178987], [-76.269066, 36.172847], [-76.246011, 36.158648], [-76.236433, 36.146113], [-76.236028, 36.137536], [-76.228528, 36.130647], [-76.227472, 36.12525], [-76.218915, 36.118147], [-76.191716, 36.107197], [-76.213686, 36.096064], [-76.228898, 36.099905], [-76.238713, 36.098568], [-76.249101, 36.104706], [-76.251477, 36.102593], [-76.257895, 36.106434], [-76.263361, 36.105858], [-76.284459, 36.114587], [-76.296874, 36.122946], [-76.30934, 36.124882], [-76.323257, 36.134849], [-76.359384, 36.140031], [-76.373572, 36.138208], [-76.379379, 36.142886], [-76.390282, 36.162486], [-76.420943, 36.181097], [-76.42736, 36.180713], [-76.438056, 36.191839], [-76.44994, 36.193374], [-76.454694, 36.192799], [-76.458021, 36.185317], [-76.436868, 36.169585], [-76.435679, 36.162486], [-76.425541, 36.160891], [-76.402879, 36.144638], [-76.395036, 36.134273], [-76.38288, 36.127537], [-76.381964, 36.122946], [-76.371743, 36.117763], [-76.346419, 36.121023], [-76.345361, 36.113923], [-76.340607, 36.113155], [-76.339657, 36.109122], [-76.315889, 36.100865], [-76.302579, 36.100289], [-76.304005, 36.094527], [-76.323257, 36.087805], [-76.323479, 36.084879], [-76.331903, 36.083826], [-76.336567, 36.088381], [-76.347025, 36.088765], [-76.384103, 36.081082], [-76.404241, 36.07879], [-76.411198, 36.080698], [-76.411816114973, 36.0753293042306], [-76.43026, 36.075048], [-76.445591, 36.075903], [-76.447874, 36.079521], [-76.455054, 36.079957], [-76.462556, 36.088623], [-76.478789, 36.093554], [-76.49442, 36.08457], [-76.505488, 36.087595], [-76.517532, 36.097401], [-76.539064, 36.094572], [-76.559778, 36.101096], [-76.573073, 36.111757], [-76.590107, 36.238862]]]}}, {"id": "2324", "type": "Feature", "properties": {"GEOID": "37157", "NAME": "Rockingham"}, "geometry": {"type": "Polygon", "coordinates": [[[-80.035119, 36.257184], [-80.0273389759592, 36.5424951113257], [-79.5136470557863, 36.5407578620674], [-79.53241, 36.241463], [-80.035119, 36.257184]]]}}, {"id": "2379", "type": "Feature", "properties": {"GEOID": "37067", "NAME": "Forsyth"}, "geometry": {"type": "Polygon", "coordinates": [[[-80.516682, 36.084048], [-80.515678, 36.093076], [-80.510729, 36.09711], [-80.506468, 36.108578], [-80.488008, 36.11609], [-80.463016, 36.117885], [-80.454004, 36.122455], [-80.439437, 36.136925], [-80.442871, 36.155979], [-80.436996, 36.170612], [-80.44368, 36.18075], [-80.439587, 36.19048], [-80.446372, 36.206548], [-80.443573, 36.212451], [-80.432241, 36.217995], [-80.437419, 36.229824], [-80.452656, 36.241651], [-80.451925, 36.261515], [-80.035119, 36.257184], [-80.043238, 36.010758], [-80.149788, 36.026768], [-80.213692, 36.026808], [-80.213841, 35.997114], [-80.330298, 35.996556], [-80.394307, 35.972762], [-80.421164, 35.987273], [-80.421773, 35.994232], [-80.413533, 36.000978], [-80.417916, 36.015549], [-80.441892, 36.030643], [-80.463795, 36.062578], [-80.473021, 36.060316], [-80.474722, 36.050394], [-80.487161, 36.043246], [-80.49313, 36.043994], [-80.505334, 36.052668], [-80.508545, 36.057954], [-80.509515, 36.07223], [-80.516682, 36.084048]]]}}, {"id": "2380", "type": "Feature", "properties": {"GEOID": "37107", "NAME": "Lenoir"}, "geometry": {"type": "Polygon", "coordinates": [[[-77.834249, 35.177846], [-77.82418, 35.343811], [-77.818068, 35.357366], [-77.806248, 35.368754], [-77.777669, 35.367664], [-77.697516, 35.377097], [-77.694289, 35.365827], [-77.690269, 35.364383], [-77.690139, 35.359689], [-77.682332, 35.349749], [-77.673174, 35.347889], [-77.659344, 35.353864], [-77.637314, 35.354455], [-77.614381, 35.377563], [-77.606957, 35.379497], [-77.603211, 35.375163], [-77.590675, 35.373599], [-77.584667, 35.3797], [-77.581544, 35.377926], [-77.566382, 35.382982], [-77.564333, 35.387723], [-77.534173, 35.398104], [-77.528338, 35.414336], [-77.520969, 35.414544], [-77.509899, 35.421517], [-77.506701, 35.421896], [-77.506365, 35.418857], [-77.501109, 35.418424], [-77.494042, 35.411696], [-77.48386, 35.413667], [-77.481225, 35.41548], [-77.482682, 35.422795], [-77.474426, 35.426771], [-77.469904, 35.419924], [-77.470722, 35.409765], [-77.460855, 35.4], [-77.463431, 35.399628], [-77.455771, 35.392719], [-77.448488, 35.39273], [-77.455032, 35.385533], [-77.445203, 35.379978], [-77.448165, 35.371541], [-77.439963, 35.366966], [-77.431461, 35.36695], [-77.427063, 35.359516], [-77.426448, 35.349759], [-77.408207, 35.353371], [-77.391756, 35.345634], [-77.391589, 35.339163], [-77.395158, 35.343024], [-77.410923, 35.337799], [-77.410498, 35.331868], [-77.414684, 35.333819], [-77.415187, 35.330421], [-77.431253, 35.32983], [-77.431091, 35.313008], [-77.438432, 35.311805], [-77.440624, 35.303476], [-77.449136, 35.301839], [-77.446472, 35.293465], [-77.43993, 35.289593], [-77.437656, 35.276987], [-77.426172, 35.262375], [-77.426975, 35.255869], [-77.432566, 35.250177], [-77.464316, 35.239155], [-77.465616, 35.234618], [-77.473692, 35.228985], [-77.527182, 35.243001], [-77.507463, 35.172814], [-77.601282, 35.071368], [-77.731026, 35.008138], [-77.746037, 35.02234], [-77.749572, 35.10861], [-77.769177, 35.145576], [-77.834249, 35.177846]]]}}, {"id": "2389", "type": "Feature", "properties": {"GEOID": "37077", "NAME": "Granville"}, "geometry": {"type": "Polygon", "coordinates": [[[-78.807293, 36.088336], [-78.803055, 36.08956], [-78.805316, 36.093916], [-78.7962710014091, 36.5417130131513], [-78.4569670005471, 36.54247404051], [-78.453648, 36.540456], [-78.455857, 36.533415], [-78.467351, 36.531812], [-78.469313, 36.526685], [-78.466573, 36.523977], [-78.470025, 36.524967], [-78.483768, 36.516971], [-78.493325, 36.518307], [-78.497783, 36.514477], [-78.495041, 36.507964], [-78.504203, 36.495161], [-78.504187, 36.489582], [-78.500929, 36.486957], [-78.511224, 36.454808], [-78.508331, 36.182956], [-78.496614, 36.175199], [-78.544817, 36.080673], [-78.546414, 36.021826], [-78.683224, 36.074484], [-78.718788, 36.075918], [-78.751273, 36.070834], [-78.779963, 36.072306], [-78.78366, 36.069982], [-78.788091, 36.073702], [-78.784713, 36.07637], [-78.792793, 36.077441], [-78.792086, 36.085319], [-78.807293, 36.088336]]]}}, {"id": "2390", "type": "Feature", "properties": {"GEOID": "37097", "NAME": "Iredell"}, "geometry": {"type": "Polygon", "coordinates": [[[-81.109507, 35.776594], [-81.093699, 35.794033], [-81.078943, 35.802775], [-81.077505, 35.812734], [-81.064742, 35.824393], [-81.060451, 35.835109], [-81.041339, 35.857855], [-81.005541, 35.958287], [-81.0034, 35.996737], [-81.028833, 36.045652], [-80.975675, 36.05881], [-80.693197, 36.05126], [-80.707824, 35.852961], [-80.771582, 35.672163], [-80.739797, 35.544145], [-80.742163, 35.540729], [-80.737293, 35.524897], [-80.737249, 35.505801], [-80.78427, 35.50602], [-80.906723, 35.514785], [-80.947344, 35.488473], [-80.948723, 35.491669], [-80.961292, 35.497049], [-80.963521, 35.505961], [-80.95598, 35.515072], [-80.95775, 35.523658], [-80.955508, 35.532502], [-80.944779, 35.526006], [-80.939734, 35.528631], [-80.960025, 35.54702], [-80.953504, 35.554312], [-80.956995, 35.566252], [-80.955679, 35.573848], [-80.947659, 35.58425], [-80.933638, 35.590933], [-80.943311, 35.606273], [-80.938958, 35.612878], [-80.928293, 35.616347], [-80.925515, 35.620946], [-80.953394, 35.643942], [-80.966675, 35.671012], [-80.981485, 35.681663], [-80.99274, 35.6999], [-81.001775, 35.70816], [-81.017733, 35.712728], [-81.038462, 35.707549], [-81.061751, 35.710876], [-81.065089, 35.714942], [-81.064038, 35.728484], [-81.067092, 35.7368], [-81.09052, 35.757393], [-81.08948, 35.765857], [-81.093814, 35.768803], [-81.102722, 35.768495], [-81.109507, 35.776594]]]}}, {"id": "2409", "type": "Feature", "properties": {"GEOID": "37045", "NAME": "Cleveland"}, "geometry": {"type": "Polygon", "coordinates": [[[-81.7681085961812, 35.1803883279178], [-81.759541, 35.222646], [-81.702853, 35.357304], [-81.692673, 35.582981], [-81.691055, 35.584576], [-81.670969, 35.56677], [-81.662862, 35.56752], [-81.648967, 35.56161], [-81.633429, 35.567293], [-81.61742, 35.565456], [-81.596232, 35.57126], [-81.591379, 35.565073], [-81.577234, 35.566399], [-81.579063, 35.562246], [-81.573187, 35.558679], [-81.545299, 35.564721], [-81.515421, 35.558297], [-81.509218, 35.550352], [-81.513004, 35.523317], [-81.481383, 35.471503], [-81.458803, 35.423681], [-81.398924, 35.353138], [-81.356682, 35.330604], [-81.363631, 35.323695], [-81.3666, 35.314857], [-81.356095, 35.297701], [-81.355773, 35.280829], [-81.321729, 35.260449], [-81.324261, 35.241118], [-81.323668, 35.189605], [-81.3280393754573, 35.163405284384], [-81.7681085961812, 35.1803883279178]]]}}, {"id": "2410", "type": "Feature", "properties": {"GEOID": "37145", "NAME": "Person"}, "geometry": {"type": "Polygon", "coordinates": [[[-79.153997, 36.241875], [-79.1383311871639, 36.541738061605], [-78.7962710014091, 36.5417130131513], [-78.802335, 36.235794], [-79.153997, 36.241875]]]}}, {"id": "2538", "type": "Feature", "properties": {"GEOID": "37081", "NAME": "Guilford"}, "geometry": {"type": "Polygon", "coordinates": [[[-80.046869, 35.920693], [-80.035119, 36.257184], [-79.53241, 36.241463], [-79.539153, 36.082569], [-79.541728, 35.899851], [-80.046869, 35.920693]]]}}, {"id": "2550", "type": "Feature", "properties": {"GEOID": "37035", "NAME": "Catawba"}, "geometry": {"type": "Polygon", "coordinates": [[[-81.535403, 35.568137], [-81.506809, 35.607956], [-81.432898, 35.677847], [-81.363796, 35.767802], [-81.353872, 35.768851], [-81.352649, 35.774848], [-81.355553, 35.780273], [-81.345213, 35.794585], [-81.315913, 35.796857], [-81.309086, 35.802386], [-81.298074, 35.798193], [-81.279047, 35.806265], [-81.262429, 35.805769], [-81.253457, 35.809332], [-81.248998, 35.815716], [-81.225814, 35.809519], [-81.205137, 35.8228], [-81.175941, 35.823054], [-81.149609, 35.828958], [-81.142327, 35.827167], [-81.141534, 35.813555], [-81.131652, 35.804316], [-81.128613, 35.789803], [-81.111882, 35.779176], [-81.102722, 35.768495], [-81.093814, 35.768803], [-81.08948, 35.765857], [-81.09052, 35.757393], [-81.067092, 35.7368], [-81.063668, 35.712595], [-81.043162, 35.707433], [-81.017733, 35.712728], [-81.001775, 35.70816], [-80.99274, 35.6999], [-80.981485, 35.681663], [-80.966675, 35.671012], [-80.953394, 35.643942], [-80.925213, 35.620258], [-80.938958, 35.612878], [-80.943311, 35.606273], [-80.933638, 35.590933], [-80.953328, 35.578613], [-80.956995, 35.566252], [-80.953617, 35.553623], [-80.960025, 35.54702], [-81.535403, 35.568137]]]}}, {"id": "2551", "type": "Feature", "properties": {"GEOID": "37151", "NAME": "Randolph"}, "geometry": {"type": "Polygon", "coordinates": [[[-80.066842, 35.505661], [-80.046869, 35.920693], [-79.541728, 35.899851], [-79.546687, 35.708997], [-79.555804, 35.515039], [-80.066842, 35.505661]]]}}, {"id": "2552", "type": "Feature", "properties": {"GEOID": "37001", "NAME": "Alamance"}, "geometry": {"type": "Polygon", "coordinates": [[[-79.542428, 35.843303], [-79.539153, 36.082569], [-79.531865, 36.249673], [-79.257952, 36.243445], [-79.264027, 35.914114], [-79.268434, 35.91093], [-79.256916, 35.902055], [-79.257946, 35.891493], [-79.249321, 35.875468], [-79.250393, 35.856978], [-79.237502, 35.851123], [-79.237316, 35.844247], [-79.542428, 35.843303]]]}}, {"id": "2619", "type": "Feature", "properties": {"GEOID": "37185", "NAME": "Warren"}, "geometry": {"type": "Polygon", "coordinates": [[[-78.323912, 36.543809], [-77.899771, 36.544663], [-77.899524, 36.504259], [-77.909245, 36.473937], [-77.911795, 36.442807], [-77.920104, 36.436051], [-77.912064, 36.424769], [-77.911963, 36.382446], [-77.942406, 36.298526], [-78.006551, 36.202633], [-78.016875, 36.207794], [-78.022338, 36.205445], [-78.030785, 36.214404], [-78.031178, 36.209005], [-78.035919, 36.207203], [-78.037253, 36.210367], [-78.045429, 36.212546], [-78.044909, 36.215464], [-78.057071, 36.211082], [-78.071267, 36.21638], [-78.077258, 36.211417], [-78.083226, 36.212623], [-78.091751, 36.207738], [-78.098244, 36.210767], [-78.109778, 36.210163], [-78.110935, 36.216419], [-78.114214, 36.216187], [-78.117347, 36.222585], [-78.125704, 36.226325], [-78.12497, 36.235242], [-78.132739, 36.246281], [-78.156983, 36.244416], [-78.172845, 36.255342], [-78.19428, 36.246839], [-78.198481, 36.251611], [-78.215844, 36.251925], [-78.22488, 36.256553], [-78.306965, 36.266191], [-78.277165, 36.306132], [-78.323912, 36.543809]]]}}, {"id": "2659", "type": "Feature", "properties": {"GEOID": "37041", "NAME": "Chowan"}, "geometry": {"type": "Polygon", "coordinates": [[[-76.721446, 36.147838], [-76.718906, 36.200978], [-76.714293, 36.215279], [-76.710675, 36.223291], [-76.694512, 36.237287], [-76.691423, 36.247064], [-76.672171, 36.271978], [-76.674785, 36.276386], [-76.682866, 36.276577], [-76.6937993269796, 36.282208177701], [-76.696571, 36.296138], [-76.67258, 36.303275], [-76.675894, 36.306346], [-76.673019, 36.306473], [-76.674906, 36.308954], [-76.669975, 36.315214], [-76.654313, 36.314191], [-76.654399, 36.310609], [-76.651565, 36.310615], [-76.649884, 36.317751], [-76.64255, 36.319544], [-76.64001, 36.329408], [-76.596603, 36.323259], [-76.592786, 36.330292], [-76.586214, 36.333474], [-76.570756, 36.334295], [-76.559646, 36.351056], [-76.561654, 36.322545], [-76.568748, 36.309269], [-76.565631, 36.292992], [-76.572613, 36.258073], [-76.587079, 36.24892], [-76.590107, 36.238862], [-76.572077, 36.109463], [-76.559778, 36.101096], [-76.539064, 36.094572], [-76.517532, 36.097401], [-76.505488, 36.087595], [-76.49442, 36.08457], [-76.478789, 36.093554], [-76.462556, 36.088623], [-76.455054, 36.079957], [-76.447874, 36.079521], [-76.445591, 36.075903], [-76.411816114973, 36.0753293042306], [-76.408108, 36.068019], [-76.419755, 36.0636], [-76.451419, 36.039073], [-76.460321, 36.024137], [-76.491534, 36.017283], [-76.514114, 36.006516], [-76.580426, 36.010554], [-76.603243, 36.035352], [-76.606809, 36.054185], [-76.616316, 36.054569], [-76.623446, 36.044769], [-76.639846, 36.035928], [-76.652234, 36.035285], [-76.661229, 36.038374], [-76.663139, 36.041886], [-76.676485, 36.043612], [-76.691898, 36.06629], [-76.692904, 36.07531], [-76.688808, 36.078969], [-76.692611, 36.09107], [-76.688333, 36.096256], [-76.68857, 36.10701], [-76.691423, 36.110466], [-76.70497, 36.10989], [-76.709621, 36.120604], [-76.710675, 36.134657], [-76.721446, 36.147838]]]}}, {"id": "2678", "type": "Feature", "properties": {"GEOID": "37135", "NAME": "Orange"}, "geometry": {"type": "Polygon", "coordinates": [[[-79.268434, 35.91093], [-79.264027, 35.914114], [-79.257952, 36.243445], [-78.950597, 36.23932], [-79.016305, 35.86321], [-79.081938, 35.86078], [-79.249538, 35.87681], [-79.257946, 35.891493], [-79.256916, 35.902055], [-79.268434, 35.91093]]]}}, {"id": "2688", "type": "Feature", "properties": {"GEOID": "37037", "NAME": "Chatham"}, "geometry": {"type": "Polygon", "coordinates": [[[-79.555804, 35.515039], [-79.542428, 35.843303], [-79.237316, 35.844247], [-79.237502, 35.851123], [-79.250393, 35.856978], [-79.249538, 35.87681], [-79.081938, 35.86078], [-78.906071, 35.868096], [-78.909416, 35.843001], [-78.930891, 35.794377], [-78.936271, 35.771898], [-78.995048, 35.610166], [-78.916067, 35.584102], [-78.96964, 35.521669], [-78.990848, 35.54019], [-79.014692, 35.543696], [-79.024001, 35.548377], [-79.045615, 35.568383], [-79.052552, 35.596129], [-79.068679, 35.608942], [-79.100144, 35.623613], [-79.11226, 35.622948], [-79.119236, 35.628287], [-79.127006, 35.623726], [-79.141971, 35.623072], [-79.15006, 35.617059], [-79.157888, 35.603595], [-79.186772, 35.579896], [-79.201233, 35.576234], [-79.199886, 35.558558], [-79.223921, 35.550773], [-79.226585, 35.553666], [-79.220243, 35.561433], [-79.22048, 35.567442], [-79.244565, 35.569323], [-79.242838, 35.559928], [-79.245199, 35.552961], [-79.267621, 35.532686], [-79.275541, 35.531779], [-79.290087, 35.539737], [-79.290936, 35.545398], [-79.282125, 35.551525], [-79.287047, 35.55507], [-79.30338, 35.552072], [-79.304254, 35.548265], [-79.317226, 35.543351], [-79.323909, 35.543839], [-79.311234, 35.532733], [-79.312086, 35.53046], [-79.321927, 35.524638], [-79.333673, 35.525306], [-79.350073, 35.518002], [-79.555804, 35.515039]]]}}, {"id": "2882", "type": "Feature", "properties": {"GEOID": "37197", "NAME": "Yadkin"}, "geometry": {"type": "Polygon", "coordinates": [[[-80.881591, 36.055718], [-80.873205, 36.236305], [-80.808357, 36.254341], [-80.797168, 36.247959], [-80.783973, 36.252832], [-80.77838, 36.256927], [-80.779673, 36.270116], [-80.773821, 36.274712], [-80.768729, 36.275003], [-80.752346, 36.263308], [-80.737283, 36.280363], [-80.732278, 36.277138], [-80.734407, 36.269388], [-80.732057, 36.266948], [-80.72177, 36.269974], [-80.705428, 36.266162], [-80.684583, 36.268751], [-80.678402, 36.263708], [-80.674036, 36.252925], [-80.667546, 36.250993], [-80.65329, 36.252635], [-80.648721, 36.255983], [-80.642986, 36.272649], [-80.628505, 36.273033], [-80.626185, 36.276352], [-80.631438, 36.285879], [-80.628209, 36.287929], [-80.592795, 36.26986], [-80.575179, 36.279427], [-80.548004, 36.285419], [-80.53703, 36.279957], [-80.537411, 36.26381], [-80.534177, 36.258505], [-80.50517, 36.259916], [-80.48305, 36.256037], [-80.477072, 36.260675], [-80.466728, 36.25982], [-80.462233, 36.256069], [-80.460213, 36.246999], [-80.437419, 36.229824], [-80.432241, 36.217995], [-80.443573, 36.212451], [-80.446372, 36.206548], [-80.439587, 36.19048], [-80.44368, 36.18075], [-80.436996, 36.170612], [-80.442871, 36.155979], [-80.439437, 36.136925], [-80.454004, 36.122455], [-80.463016, 36.117885], [-80.488008, 36.11609], [-80.506468, 36.108578], [-80.510729, 36.09711], [-80.515678, 36.093076], [-80.516682, 36.084048], [-80.509515, 36.07223], [-80.508545, 36.057954], [-80.496283, 36.046545], [-80.881591, 36.055718]]]}}, {"id": "2883", "type": "Feature", "properties": {"GEOID": "37063", "NAME": "Durham"}, "geometry": {"type": "Polygon", "coordinates": [[[-79.016305, 35.86321], [-78.950597, 36.23932], [-78.802335, 36.235794], [-78.805316, 36.093916], [-78.803055, 36.08956], [-78.807484, 36.087295], [-78.792086, 36.085319], [-78.792793, 36.077441], [-78.784713, 36.07637], [-78.788091, 36.073702], [-78.78366, 36.069982], [-78.779963, 36.072306], [-78.751273, 36.070834], [-78.754284, 36.056338], [-78.753611, 36.031384], [-78.740187, 36.023561], [-78.719951, 36.02959], [-78.707437, 36.011106], [-78.699847, 36.011427], [-78.717014, 35.961265], [-78.741707, 35.933906], [-78.749899, 35.932925], [-78.75914, 35.918401], [-78.804836, 35.927552], [-78.829965, 35.866978], [-78.906071, 35.868096], [-79.016305, 35.86321]]]}}, {"id": "2893", "type": "Feature", "properties": {"GEOID": "37191", "NAME": "Wayne"}, "geometry": {"type": "Polygon", "coordinates": [[[-78.30658, 35.287604], [-78.289711, 35.315077], [-78.276034, 35.315136], [-78.269021, 35.322831], [-78.258372, 35.325487], [-78.242087, 35.319954], [-78.215565, 35.333772], [-78.215478, 35.341527], [-78.197282, 35.340061], [-78.196274, 35.343568], [-78.18809, 35.342568], [-78.184805, 35.34542], [-78.178801, 35.344148], [-78.153243, 35.350671], [-78.154503, 35.356967], [-78.15991, 35.356544], [-78.157886, 35.359764], [-78.162443, 35.367227], [-78.144327, 35.387411], [-78.153672, 35.391987], [-78.15491, 35.41781], [-78.058006, 35.597806], [-77.998446, 35.585614], [-77.822511, 35.585383], [-77.826744, 35.42409], [-77.805536, 35.407504], [-77.799861, 35.382282], [-77.802851, 35.372878], [-77.818068, 35.357366], [-77.82418, 35.343811], [-77.834249, 35.177846], [-77.887397, 35.160708], [-77.893928, 35.15412], [-77.891689, 35.146618], [-77.909274, 35.15743], [-77.909607, 35.162318], [-77.914461, 35.166877], [-77.926045, 35.172991], [-77.944434, 35.17254], [-77.953455, 35.165515], [-77.970109, 35.165922], [-77.97797, 35.170346], [-77.983992, 35.183569], [-77.994635, 35.183157], [-78.000899, 35.188971], [-78.020245, 35.193742], [-78.044451, 35.192535], [-78.077389, 35.175135], [-78.16342, 35.189716], [-78.161845, 35.204323], [-78.246217, 35.225996], [-78.30658, 35.287604]]]}}, {"id": "2894", "type": "Feature", "properties": {"GEOID": "37061", "NAME": "Duplin"}, "geometry": {"type": "Polygon", "coordinates": [[[-78.198535, 34.74201], [-78.147129, 34.902506], [-78.159833, 35.079809], [-78.171845, 35.093528], [-78.170714, 35.114874], [-78.163013, 35.137266], [-78.16342, 35.189716], [-78.077389, 35.175135], [-78.044451, 35.192535], [-78.020245, 35.193742], [-78.000899, 35.188971], [-77.994635, 35.183157], [-77.983992, 35.183569], [-77.97797, 35.170346], [-77.970109, 35.165922], [-77.953455, 35.165515], [-77.944434, 35.17254], [-77.926045, 35.172991], [-77.914461, 35.166877], [-77.909607, 35.162318], [-77.909274, 35.15743], [-77.891689, 35.146618], [-77.893928, 35.15412], [-77.887397, 35.160708], [-77.834249, 35.177846], [-77.769177, 35.145576], [-77.749572, 35.10861], [-77.746037, 35.02234], [-77.731026, 35.008138], [-77.674805, 34.9739], [-77.680081, 34.971141], [-77.653352, 34.940535], [-77.65107, 34.923526], [-77.66606, 34.839651], [-77.677235, 34.798129], [-77.680127, 34.720595], [-77.921538, 34.719746], [-77.930558, 34.722992], [-77.937214, 34.720243], [-77.938001, 34.723227], [-77.939574, 34.720135], [-77.951226, 34.717983], [-77.951731, 34.715059], [-77.958813, 34.715863], [-77.961536, 34.719957], [-77.975291, 34.718678], [-77.974499, 34.714706], [-77.97908, 34.716947], [-77.980738, 34.713979], [-77.994256, 34.717138], [-78.012681, 34.73263], [-78.023519, 34.730445], [-78.030748, 34.72481], [-78.032575, 34.727504], [-78.052156, 34.725161], [-78.062166, 34.72785], [-78.081567, 34.722579], [-78.087616, 34.726111], [-78.102433, 34.725446], [-78.13522, 34.710214], [-78.150553, 34.721964], [-78.198535, 34.74201]]]}}, {"id": "2903", "type": "Feature", "properties": {"GEOID": "37003", "NAME": "Alexander"}, "geometry": {"type": "Polygon", "coordinates": [[[-81.342358, 35.82236], [-81.333373, 35.878892], [-81.342878, 35.923285], [-81.328324, 35.996583], [-81.31801, 35.99682], [-81.311368, 36.005256], [-81.301418, 36.004291], [-81.268451, 36.024983], [-81.249755, 36.027244], [-81.244251, 36.024899], [-81.237999, 36.030845], [-81.21824, 36.030107], [-81.211114, 36.034247], [-81.207419, 36.032717], [-81.202615, 36.03619], [-81.190236, 36.037187], [-81.175731, 36.031105], [-81.173107, 36.025867], [-81.166664, 36.025668], [-81.139335, 36.037587], [-81.123461, 36.037805], [-81.115562, 36.034332], [-81.111689, 36.037739], [-81.104926, 36.035504], [-81.098132, 36.028177], [-81.057543, 36.031572], [-81.048508, 36.04108], [-81.028833, 36.045652], [-81.0034, 35.996737], [-81.005541, 35.958287], [-81.041339, 35.857855], [-81.060451, 35.835109], [-81.064742, 35.824393], [-81.077505, 35.812734], [-81.078943, 35.802775], [-81.093699, 35.794033], [-81.106559, 35.778409], [-81.109507, 35.776594], [-81.128613, 35.789803], [-81.131652, 35.804316], [-81.141534, 35.813555], [-81.142729, 35.82773], [-81.149609, 35.828958], [-81.161779, 35.824768], [-81.196081, 35.821161], [-81.205137, 35.8228], [-81.225814, 35.809519], [-81.248998, 35.815716], [-81.253457, 35.809332], [-81.262429, 35.805769], [-81.279047, 35.806265], [-81.298074, 35.798193], [-81.309086, 35.802386], [-81.315913, 35.796857], [-81.334272, 35.796281], [-81.331905, 35.802671], [-81.337917, 35.812631], [-81.335743, 35.814514], [-81.339974, 35.816057], [-81.337397, 35.817911], [-81.339308, 35.823357], [-81.342358, 35.82236]]]}}, {"id": "2984", "type": "Feature", "properties": {"GEOID": "37027", "NAME": "Caldwell"}, "geometry": {"type": "Polygon", "coordinates": [[[-81.810516, 36.111511], [-81.674833, 36.122619], [-81.660632, 36.118399], [-81.545488, 36.117475], [-81.520011, 36.102596], [-81.516172, 36.097403], [-81.495307, 36.10047], [-81.493973, 36.097738], [-81.476985, 36.096584], [-81.477791, 36.092764], [-81.467274, 36.085657], [-81.458782, 36.091382], [-81.453872, 36.090433], [-81.447373, 36.083016], [-81.444576, 36.072329], [-81.424815, 36.077836], [-81.417469, 36.070907], [-81.411463, 36.072883], [-81.40264, 36.065687], [-81.397773, 36.066431], [-81.400088, 36.062848], [-81.38957, 36.049851], [-81.397387, 36.04292], [-81.3961, 36.040731], [-81.380843, 36.044359], [-81.344949, 36.025585], [-81.328324, 35.996583], [-81.342878, 35.923285], [-81.333373, 35.878892], [-81.344034, 35.824691], [-81.342358, 35.82236], [-81.339899, 35.824155], [-81.337397, 35.817911], [-81.339974, 35.816057], [-81.335743, 35.814514], [-81.337917, 35.812631], [-81.331905, 35.802671], [-81.334272, 35.796281], [-81.347191, 35.792985], [-81.355553, 35.780273], [-81.352649, 35.774848], [-81.353872, 35.768851], [-81.371196, 35.766385], [-81.378793, 35.757256], [-81.399218, 35.75856], [-81.423047, 35.770755], [-81.43934, 35.773139], [-81.44605, 35.785245], [-81.554103, 35.776948], [-81.600809, 35.825096], [-81.610385, 35.819612], [-81.630065, 35.830377], [-81.626109, 35.833482], [-81.632109, 35.835739], [-81.639217, 35.848346], [-81.709824, 35.875034], [-81.728676, 35.890956], [-81.734883, 35.90261], [-81.744587, 35.908683], [-81.74573, 35.916378], [-81.752523, 35.924426], [-81.758733, 35.928466], [-81.763702, 35.925757], [-81.76959, 35.929119], [-81.775607, 35.926949], [-81.777692, 35.929917], [-81.775387, 35.933624], [-81.779751, 35.938704], [-81.776804, 35.941151], [-81.777449, 35.947048], [-81.796171, 35.948788], [-81.809076, 35.958787], [-81.735673, 36.067584], [-81.745059, 36.072943], [-81.753671, 36.07265], [-81.758517, 36.077164], [-81.76114, 36.090129], [-81.775478, 36.099276], [-81.785722, 36.100456], [-81.810516, 36.111511]]]}}, {"id": "3069", "type": "Feature", "properties": {"GEOID": "37183", "NAME": "Wake"}, "geometry": {"type": "Polygon", "coordinates": [[[-78.995048, 35.610166], [-78.936271, 35.771898], [-78.930891, 35.794377], [-78.909416, 35.843001], [-78.906071, 35.868096], [-78.829965, 35.866978], [-78.804836, 35.927552], [-78.75914, 35.918401], [-78.749899, 35.932925], [-78.741707, 35.933906], [-78.717014, 35.961265], [-78.699847, 36.011427], [-78.707437, 36.011106], [-78.719951, 36.02959], [-78.740187, 36.023561], [-78.753611, 36.031384], [-78.754284, 36.056338], [-78.751273, 36.070834], [-78.718788, 36.075918], [-78.683224, 36.074484], [-78.426864, 35.975012], [-78.394331, 35.936876], [-78.353277, 35.931056], [-78.350974, 35.910124], [-78.335508, 35.905819], [-78.3285, 35.896726], [-78.319631, 35.894529], [-78.307207, 35.896588], [-78.295054, 35.881115], [-78.291295, 35.880682], [-78.278014, 35.867335], [-78.269417, 35.844442], [-78.253766, 35.827365], [-78.256662, 35.823942], [-78.255973, 35.81812], [-78.278924, 35.804392], [-78.460036, 35.705691], [-78.465624, 35.708164], [-78.471585, 35.7049], [-78.708902, 35.519458], [-78.995048, 35.610166]]]}}, {"id": "3129", "type": "Feature", "properties": {"GEOID": "37109", "NAME": "Lincoln"}, "geometry": {"type": "Polygon", "coordinates": [[[-81.535403, 35.568137], [-80.960025, 35.54702], [-80.939734, 35.528631], [-80.944779, 35.526006], [-80.955508, 35.532502], [-80.95775, 35.523658], [-80.95598, 35.515072], [-80.963521, 35.505961], [-80.961292, 35.497049], [-80.947878, 35.49045], [-80.945325, 35.483617], [-80.951515, 35.467143], [-80.942489, 35.457728], [-80.943086, 35.452916], [-80.95038, 35.447302], [-80.958691, 35.432634], [-80.955142, 35.42116], [-80.958717, 35.411501], [-80.95486, 35.400078], [-81.4556, 35.419811], [-81.481383, 35.471503], [-81.513004, 35.523317], [-81.509218, 35.550352], [-81.515421, 35.558297], [-81.537599, 35.564228], [-81.535403, 35.568137]]]}}]}